"FullName","Length"
"C:\Users\oweng\Documents\Developed mods\afklobbymod\versions\1.21.1\.gradle",
"C:\Users\oweng\Documents\Developed mods\afklobbymod\versions\1.21.1\build",
"C:\Users\oweng\Documents\Developed mods\afklobbymod\versions\1.21.1\gradle",
"C:\Users\oweng\Documents\Developed mods\afklobbymod\versions\1.21.1\src",
"C:\Users\oweng\Documents\Developed mods\afklobbymod\versions\1.21.1\build.gradle","2467"
"C:\Users\oweng\Documents\Developed mods\afklobbymod\versions\1.21.1\gradle.properties","540"
"C:\Users\oweng\Documents\Developed mods\afklobbymod\versions\1.21.1\gradlew.bat","2843"
"C:\Users\oweng\Documents\Developed mods\afklobbymod\versions\1.21.1\settings.gradle","186"
"C:\Users\oweng\Documents\Developed mods\afklobbymod\versions\1.21.1\.gradle\8.10",
"C:\Users\oweng\Documents\Developed mods\afklobbymod\versions\1.21.1\.gradle\buildOutputCleanup",
"C:\Users\oweng\Documents\Developed mods\afklobbymod\versions\1.21.1\.gradle\loom-cache",
"C:\Users\oweng\Documents\Developed mods\afklobbymod\versions\1.21.1\.gradle\vcs-1",
"C:\Users\oweng\Documents\Developed mods\afklobbymod\versions\1.21.1\.gradle\file-system.probe","8"
"C:\Users\oweng\Documents\Developed mods\afklobbymod\versions\1.21.1\.gradle\8.10\checksums",
"C:\Users\oweng\Documents\Developed mods\afklobbymod\versions\1.21.1\.gradle\8.10\dependencies-accessors",
"C:\Users\oweng\Documents\Developed mods\afklobbymod\versions\1.21.1\.gradle\8.10\executionHistory",
"C:\Users\oweng\Documents\Developed mods\afklobbymod\versions\1.21.1\.gradle\8.10\expanded",
"C:\Users\oweng\Documents\Developed mods\afklobbymod\versions\1.21.1\.gradle\8.10\fileChanges",
"C:\Users\oweng\Documents\Developed mods\afklobbymod\versions\1.21.1\.gradle\8.10\fileHashes",
"C:\Users\oweng\Documents\Developed mods\afklobbymod\versions\1.21.1\.gradle\8.10\vcsMetadata",
"C:\Users\oweng\Documents\Developed mods\afklobbymod\versions\1.21.1\.gradle\8.10\gc.properties","0"
"C:\Users\oweng\Documents\Developed mods\afklobbymod\versions\1.21.1\.gradle\8.10\checksums\checksums.lock","17"
"C:\Users\oweng\Documents\Developed mods\afklobbymod\versions\1.21.1\.gradle\8.10\checksums\md5-checksums.bin","21247"
"C:\Users\oweng\Documents\Developed mods\afklobbymod\versions\1.21.1\.gradle\8.10\checksums\sha1-checksums.bin","21467"
"C:\Users\oweng\Documents\Developed mods\afklobbymod\versions\1.21.1\.gradle\8.10\dependencies-accessors\gc.properties","0"
"C:\Users\oweng\Documents\Developed mods\afklobbymod\versions\1.21.1\.gradle\8.10\executionHistory\executionHistory.bin","817062"
"C:\Users\oweng\Documents\Developed mods\afklobbymod\versions\1.21.1\.gradle\8.10\executionHistory\executionHistory.lock","17"
"C:\Users\oweng\Documents\Developed mods\afklobbymod\versions\1.21.1\.gradle\8.10\fileChanges\last-build.bin","1"
"C:\Users\oweng\Documents\Developed mods\afklobbymod\versions\1.21.1\.gradle\8.10\fileHashes\fileHashes.bin","25297"
"C:\Users\oweng\Documents\Developed mods\afklobbymod\versions\1.21.1\.gradle\8.10\fileHashes\fileHashes.lock","17"
"C:\Users\oweng\Documents\Developed mods\afklobbymod\versions\1.21.1\.gradle\8.10\fileHashes\resourceHashesCache.bin","24617"
"C:\Users\oweng\Documents\Developed mods\afklobbymod\versions\1.21.1\.gradle\buildOutputCleanup\buildOutputCleanup.lock","17"
"C:\Users\oweng\Documents\Developed mods\afklobbymod\versions\1.21.1\.gradle\buildOutputCleanup\cache.properties","52"
"C:\Users\oweng\Documents\Developed mods\afklobbymod\versions\1.21.1\.gradle\buildOutputCleanup\outputFiles.bin","19271"
"C:\Users\oweng\Documents\Developed mods\afklobbymod\versions\1.21.1\.gradle\loom-cache\minecraftMaven",
"C:\Users\oweng\Documents\Developed mods\afklobbymod\versions\1.21.1\.gradle\loom-cache\remapped_mods",
"C:\Users\oweng\Documents\Developed mods\afklobbymod\versions\1.21.1\.gradle\loom-cache\minecraftMaven\net",
"C:\Users\oweng\Documents\Developed mods\afklobbymod\versions\1.21.1\.gradle\loom-cache\minecraftMaven\net\minecraft",
"C:\Users\oweng\Documents\Developed mods\afklobbymod\versions\1.21.1\.gradle\loom-cache\minecraftMaven\net\minecraft\minecraft-merged-a50eca1b62",
"C:\Users\oweng\Documents\Developed mods\afklobbymod\versions\1.21.1\.gradle\loom-cache\minecraftMaven\net\minecraft\minecraft-merged-a50eca1b62\1.21.1-net.fabricmc.yarn.1_21_1.1.21.1+build.1-v2",
"C:\Users\oweng\Documents\Developed mods\afklobbymod\versions\1.21.1\.gradle\loom-cache\minecraftMaven\net\minecraft\minecraft-merged-a50eca1b62\1.21.1-net.fabricmc.yarn.1_21_1.1.21.1+build.1-v2\minecraft-merged-a50eca1b62-1.21.1-net.fabricmc.yarn.1_21_1.1.21.1+build.1-v2.jar","29856439"
"C:\Users\oweng\Documents\Developed mods\afklobbymod\versions\1.21.1\.gradle\loom-cache\minecraftMaven\net\minecraft\minecraft-merged-a50eca1b62\1.21.1-net.fabricmc.yarn.1_21_1.1.21.1+build.1-v2\minecraft-merged-a50eca1b62-1.21.1-net.fabricmc.yarn.1_21_1.1.21.1+build.1-v2.pom","452"
"C:\Users\oweng\Documents\Developed mods\afklobbymod\versions\1.21.1\.gradle\loom-cache\remapped_mods\net_fabricmc_yarn_1_21_1_1_21_1_build_1_v2",
"C:\Users\oweng\Documents\Developed mods\afklobbymod\versions\1.21.1\.gradle\loom-cache\remapped_mods\net_fabricmc_yarn_1_21_1_1_21_1_build_1_v2\com",
"C:\Users\oweng\Documents\Developed mods\afklobbymod\versions\1.21.1\.gradle\loom-cache\remapped_mods\net_fabricmc_yarn_1_21_1_1_21_1_build_1_v2\io",
"C:\Users\oweng\Documents\Developed mods\afklobbymod\versions\1.21.1\.gradle\loom-cache\remapped_mods\net_fabricmc_yarn_1_21_1_1_21_1_build_1_v2\me",
"C:\Users\oweng\Documents\Developed mods\afklobbymod\versions\1.21.1\.gradle\loom-cache\remapped_mods\net_fabricmc_yarn_1_21_1_1_21_1_build_1_v2\net",
"C:\Users\oweng\Documents\Developed mods\afklobbymod\versions\1.21.1\.gradle\loom-cache\remapped_mods\net_fabricmc_yarn_1_21_1_1_21_1_build_1_v2\com\terraformersmc",
"C:\Users\oweng\Documents\Developed mods\afklobbymod\versions\1.21.1\.gradle\loom-cache\remapped_mods\net_fabricmc_yarn_1_21_1_1_21_1_build_1_v2\com\terraformersmc\modmenu",
"C:\Users\oweng\Documents\Developed mods\afklobbymod\versions\1.21.1\.gradle\loom-cache\remapped_mods\net_fabricmc_yarn_1_21_1_1_21_1_build_1_v2\com\terraformersmc\modmenu\11.0.3",
"C:\Users\oweng\Documents\Developed mods\afklobbymod\versions\1.21.1\.gradle\loom-cache\remapped_mods\net_fabricmc_yarn_1_21_1_1_21_1_build_1_v2\com\terraformersmc\modmenu\11.0.3\modmenu-11.0.3-sources.jar","428560"
"C:\Users\oweng\Documents\Developed mods\afklobbymod\versions\1.21.1\.gradle\loom-cache\remapped_mods\net_fabricmc_yarn_1_21_1_1_21_1_build_1_v2\com\terraformersmc\modmenu\11.0.3\modmenu-11.0.3.jar","993932"
"C:\Users\oweng\Documents\Developed mods\afklobbymod\versions\1.21.1\.gradle\loom-cache\remapped_mods\net_fabricmc_yarn_1_21_1_1_21_1_build_1_v2\com\terraformersmc\modmenu\11.0.3\modmenu-11.0.3.pom","437"
"C:\Users\oweng\Documents\Developed mods\afklobbymod\versions\1.21.1\.gradle\loom-cache\remapped_mods\net_fabricmc_yarn_1_21_1_1_21_1_build_1_v2\io\wispforest",
"C:\Users\oweng\Documents\Developed mods\afklobbymod\versions\1.21.1\.gradle\loom-cache\remapped_mods\net_fabricmc_yarn_1_21_1_1_21_1_build_1_v2\io\wispforest\owo-lib",
"C:\Users\oweng\Documents\Developed mods\afklobbymod\versions\1.21.1\.gradle\loom-cache\remapped_mods\net_fabricmc_yarn_1_21_1_1_21_1_build_1_v2\io\wispforest\owo-lib\0.12.15+1.21",
"C:\Users\oweng\Documents\Developed mods\afklobbymod\versions\1.21.1\.gradle\loom-cache\remapped_mods\net_fabricmc_yarn_1_21_1_1_21_1_build_1_v2\io\wispforest\owo-lib\0.12.15+1.21\owo-lib-0.12.15+1.21-sources.jar","458911"
"C:\Users\oweng\Documents\Developed mods\afklobbymod\versions\1.21.1\.gradle\loom-cache\remapped_mods\net_fabricmc_yarn_1_21_1_1_21_1_build_1_v2\io\wispforest\owo-lib\0.12.15+1.21\owo-lib-0.12.15+1.21.jar","1224546"
"C:\Users\oweng\Documents\Developed mods\afklobbymod\versions\1.21.1\.gradle\loom-cache\remapped_mods\net_fabricmc_yarn_1_21_1_1_21_1_build_1_v2\io\wispforest\owo-lib\0.12.15+1.21\owo-lib-0.12.15+1.21.pom","438"
"C:\Users\oweng\Documents\Developed mods\afklobbymod\versions\1.21.1\.gradle\loom-cache\remapped_mods\net_fabricmc_yarn_1_21_1_1_21_1_build_1_v2\me\shedaniel",
"C:\Users\oweng\Documents\Developed mods\afklobbymod\versions\1.21.1\.gradle\loom-cache\remapped_mods\net_fabricmc_yarn_1_21_1_1_21_1_build_1_v2\me\shedaniel\cloth",
"C:\Users\oweng\Documents\Developed mods\afklobbymod\versions\1.21.1\.gradle\loom-cache\remapped_mods\net_fabricmc_yarn_1_21_1_1_21_1_build_1_v2\me\shedaniel\cloth\basic-math",
"C:\Users\oweng\Documents\Developed mods\afklobbymod\versions\1.21.1\.gradle\loom-cache\remapped_mods\net_fabricmc_yarn_1_21_1_1_21_1_build_1_v2\me\shedaniel\cloth\cloth-config-fabric",
"C:\Users\oweng\Documents\Developed mods\afklobbymod\versions\1.21.1\.gradle\loom-cache\remapped_mods\net_fabricmc_yarn_1_21_1_1_21_1_build_1_v2\me\shedaniel\cloth\basic-math\0.6.1",
"C:\Users\oweng\Documents\Developed mods\afklobbymod\versions\1.21.1\.gradle\loom-cache\remapped_mods\net_fabricmc_yarn_1_21_1_1_21_1_build_1_v2\me\shedaniel\cloth\basic-math\0.6.1\basic-math-0.6.1-sources.jar","10642"
"C:\Users\oweng\Documents\Developed mods\afklobbymod\versions\1.21.1\.gradle\loom-cache\remapped_mods\net_fabricmc_yarn_1_21_1_1_21_1_build_1_v2\me\shedaniel\cloth\basic-math\0.6.1\basic-math-0.6.1.jar","12345"
"C:\Users\oweng\Documents\Developed mods\afklobbymod\versions\1.21.1\.gradle\loom-cache\remapped_mods\net_fabricmc_yarn_1_21_1_1_21_1_build_1_v2\me\shedaniel\cloth\basic-math\0.6.1\basic-math-0.6.1.pom","439"
"C:\Users\oweng\Documents\Developed mods\afklobbymod\versions\1.21.1\.gradle\loom-cache\remapped_mods\net_fabricmc_yarn_1_21_1_1_21_1_build_1_v2\me\shedaniel\cloth\cloth-config-fabric\15.0.140",
"C:\Users\oweng\Documents\Developed mods\afklobbymod\versions\1.21.1\.gradle\loom-cache\remapped_mods\net_fabricmc_yarn_1_21_1_1_21_1_build_1_v2\me\shedaniel\cloth\cloth-config-fabric\15.0.140\cloth-config-fabric-15.0.140-fabric.jar","1212742"
"C:\Users\oweng\Documents\Developed mods\afklobbymod\versions\1.21.1\.gradle\loom-cache\remapped_mods\net_fabricmc_yarn_1_21_1_1_21_1_build_1_v2\me\shedaniel\cloth\cloth-config-fabric\15.0.140\cloth-config-fabric-15.0.140.pom","451"
"C:\Users\oweng\Documents\Developed mods\afklobbymod\versions\1.21.1\.gradle\loom-cache\remapped_mods\net_fabricmc_yarn_1_21_1_1_21_1_build_1_v2\net\fabricmc",
"C:\Users\oweng\Documents\Developed mods\afklobbymod\versions\1.21.1\.gradle\loom-cache\remapped_mods\net_fabricmc_yarn_1_21_1_1_21_1_build_1_v2\net\fabricmc\fabric-api",
"C:\Users\oweng\Documents\Developed mods\afklobbymod\versions\1.21.1\.gradle\loom-cache\remapped_mods\net_fabricmc_yarn_1_21_1_1_21_1_build_1_v2\net\fabricmc\fabric-api\fabric-api",
"C:\Users\oweng\Documents\Developed mods\afklobbymod\versions\1.21.1\.gradle\loom-cache\remapped_mods\net_fabricmc_yarn_1_21_1_1_21_1_build_1_v2\net\fabricmc\fabric-api\fabric-api-base",
"C:\Users\oweng\Documents\Developed mods\afklobbymod\versions\1.21.1\.gradle\loom-cache\remapped_mods\net_fabricmc_yarn_1_21_1_1_21_1_build_1_v2\net\fabricmc\fabric-api\fabric-api-lookup-api-v1",
"C:\Users\oweng\Documents\Developed mods\afklobbymod\versions\1.21.1\.gradle\loom-cache\remapped_mods\net_fabricmc_yarn_1_21_1_1_21_1_build_1_v2\net\fabricmc\fabric-api\fabric-biome-api-v1",
"C:\Users\oweng\Documents\Developed mods\afklobbymod\versions\1.21.1\.gradle\loom-cache\remapped_mods\net_fabricmc_yarn_1_21_1_1_21_1_build_1_v2\net\fabricmc\fabric-api\fabric-block-api-v1",
"C:\Users\oweng\Documents\Developed mods\afklobbymod\versions\1.21.1\.gradle\loom-cache\remapped_mods\net_fabricmc_yarn_1_21_1_1_21_1_build_1_v2\net\fabricmc\fabric-api\fabric-block-view-api-v2",
"C:\Users\oweng\Documents\Developed mods\afklobbymod\versions\1.21.1\.gradle\loom-cache\remapped_mods\net_fabricmc_yarn_1_21_1_1_21_1_build_1_v2\net\fabricmc\fabric-api\fabric-blockrenderlayer-v1",
"C:\Users\oweng\Documents\Developed mods\afklobbymod\versions\1.21.1\.gradle\loom-cache\remapped_mods\net_fabricmc_yarn_1_21_1_1_21_1_build_1_v2\net\fabricmc\fabric-api\fabric-client-tags-api-v1",
"C:\Users\oweng\Documents\Developed mods\afklobbymod\versions\1.21.1\.gradle\loom-cache\remapped_mods\net_fabricmc_yarn_1_21_1_1_21_1_build_1_v2\net\fabricmc\fabric-api\fabric-command-api-v1",
"C:\Users\oweng\Documents\Developed mods\afklobbymod\versions\1.21.1\.gradle\loom-cache\remapped_mods\net_fabricmc_yarn_1_21_1_1_21_1_build_1_v2\net\fabricmc\fabric-api\fabric-command-api-v2",
"C:\Users\oweng\Documents\Developed mods\afklobbymod\versions\1.21.1\.gradle\loom-cache\remapped_mods\net_fabricmc_yarn_1_21_1_1_21_1_build_1_v2\net\fabricmc\fabric-api\fabric-commands-v0",
"C:\Users\oweng\Documents\Developed mods\afklobbymod\versions\1.21.1\.gradle\loom-cache\remapped_mods\net_fabricmc_yarn_1_21_1_1_21_1_build_1_v2\net\fabricmc\fabric-api\fabric-content-registries-v0",
"C:\Users\oweng\Documents\Developed mods\afklobbymod\versions\1.21.1\.gradle\loom-cache\remapped_mods\net_fabricmc_yarn_1_21_1_1_21_1_build_1_v2\net\fabricmc\fabric-api\fabric-convention-tags-v1",
"C:\Users\oweng\Documents\Developed mods\afklobbymod\versions\1.21.1\.gradle\loom-cache\remapped_mods\net_fabricmc_yarn_1_21_1_1_21_1_build_1_v2\net\fabricmc\fabric-api\fabric-convention-tags-v2",
"C:\Users\oweng\Documents\Developed mods\afklobbymod\versions\1.21.1\.gradle\loom-cache\remapped_mods\net_fabricmc_yarn_1_21_1_1_21_1_build_1_v2\net\fabricmc\fabric-api\fabric-crash-report-info-v1",
"C:\Users\oweng\Documents\Developed mods\afklobbymod\versions\1.21.1\.gradle\loom-cache\remapped_mods\net_fabricmc_yarn_1_21_1_1_21_1_build_1_v2\net\fabricmc\fabric-api\fabric-data-attachment-api-v1",
"C:\Users\oweng\Documents\Developed mods\afklobbymod\versions\1.21.1\.gradle\loom-cache\remapped_mods\net_fabricmc_yarn_1_21_1_1_21_1_build_1_v2\net\fabricmc\fabric-api\fabric-data-generation-api-v1",
"C:\Users\oweng\Documents\Developed mods\afklobbymod\versions\1.21.1\.gradle\loom-cache\remapped_mods\net_fabricmc_yarn_1_21_1_1_21_1_build_1_v2\net\fabricmc\fabric-api\fabric-dimensions-v1",
"C:\Users\oweng\Documents\Developed mods\afklobbymod\versions\1.21.1\.gradle\loom-cache\remapped_mods\net_fabricmc_yarn_1_21_1_1_21_1_build_1_v2\net\fabricmc\fabric-api\fabric-entity-events-v1",
"C:\Users\oweng\Documents\Developed mods\afklobbymod\versions\1.21.1\.gradle\loom-cache\remapped_mods\net_fabricmc_yarn_1_21_1_1_21_1_build_1_v2\net\fabricmc\fabric-api\fabric-events-interaction-v0",
"C:\Users\oweng\Documents\Developed mods\afklobbymod\versions\1.21.1\.gradle\loom-cache\remapped_mods\net_fabricmc_yarn_1_21_1_1_21_1_build_1_v2\net\fabricmc\fabric-api\fabric-game-rule-api-v1",
"C:\Users\oweng\Documents\Developed mods\afklobbymod\versions\1.21.1\.gradle\loom-cache\remapped_mods\net_fabricmc_yarn_1_21_1_1_21_1_build_1_v2\net\fabricmc\fabric-api\fabric-gametest-api-v1",
"C:\Users\oweng\Documents\Developed mods\afklobbymod\versions\1.21.1\.gradle\loom-cache\remapped_mods\net_fabricmc_yarn_1_21_1_1_21_1_build_1_v2\net\fabricmc\fabric-api\fabric-item-api-v1",
"C:\Users\oweng\Documents\Developed mods\afklobbymod\versions\1.21.1\.gradle\loom-cache\remapped_mods\net_fabricmc_yarn_1_21_1_1_21_1_build_1_v2\net\fabricmc\fabric-api\fabric-item-group-api-v1",
"C:\Users\oweng\Documents\Developed mods\afklobbymod\versions\1.21.1\.gradle\loom-cache\remapped_mods\net_fabricmc_yarn_1_21_1_1_21_1_build_1_v2\net\fabricmc\fabric-api\fabric-key-binding-api-v1",
"C:\Users\oweng\Documents\Developed mods\afklobbymod\versions\1.21.1\.gradle\loom-cache\remapped_mods\net_fabricmc_yarn_1_21_1_1_21_1_build_1_v2\net\fabricmc\fabric-api\fabric-keybindings-v0",
"C:\Users\oweng\Documents\Developed mods\afklobbymod\versions\1.21.1\.gradle\loom-cache\remapped_mods\net_fabricmc_yarn_1_21_1_1_21_1_build_1_v2\net\fabricmc\fabric-api\fabric-lifecycle-events-v1",
"C:\Users\oweng\Documents\Developed mods\afklobbymod\versions\1.21.1\.gradle\loom-cache\remapped_mods\net_fabricmc_yarn_1_21_1_1_21_1_build_1_v2\net\fabricmc\fabric-api\fabric-loot-api-v2",
"C:\Users\oweng\Documents\Developed mods\afklobbymod\versions\1.21.1\.gradle\loom-cache\remapped_mods\net_fabricmc_yarn_1_21_1_1_21_1_build_1_v2\net\fabricmc\fabric-api\fabric-loot-api-v3",
"C:\Users\oweng\Documents\Developed mods\afklobbymod\versions\1.21.1\.gradle\loom-cache\remapped_mods\net_fabricmc_yarn_1_21_1_1_21_1_build_1_v2\net\fabricmc\fabric-api\fabric-message-api-v1",
"C:\Users\oweng\Documents\Developed mods\afklobbymod\versions\1.21.1\.gradle\loom-cache\remapped_mods\net_fabricmc_yarn_1_21_1_1_21_1_build_1_v2\net\fabricmc\fabric-api\fabric-model-loading-api-v1",
"C:\Users\oweng\Documents\Developed mods\afklobbymod\versions\1.21.1\.gradle\loom-cache\remapped_mods\net_fabricmc_yarn_1_21_1_1_21_1_build_1_v2\net\fabricmc\fabric-api\fabric-networking-api-v1",
"C:\Users\oweng\Documents\Developed mods\afklobbymod\versions\1.21.1\.gradle\loom-cache\remapped_mods\net_fabricmc_yarn_1_21_1_1_21_1_build_1_v2\net\fabricmc\fabric-api\fabric-object-builder-api-v1",
"C:\Users\oweng\Documents\Developed mods\afklobbymod\versions\1.21.1\.gradle\loom-cache\remapped_mods\net_fabricmc_yarn_1_21_1_1_21_1_build_1_v2\net\fabricmc\fabric-api\fabric-particles-v1",
"C:\Users\oweng\Documents\Developed mods\afklobbymod\versions\1.21.1\.gradle\loom-cache\remapped_mods\net_fabricmc_yarn_1_21_1_1_21_1_build_1_v2\net\fabricmc\fabric-api\fabric-recipe-api-v1",
"C:\Users\oweng\Documents\Developed mods\afklobbymod\versions\1.21.1\.gradle\loom-cache\remapped_mods\net_fabricmc_yarn_1_21_1_1_21_1_build_1_v2\net\fabricmc\fabric-api\fabric-registry-sync-v0",
"C:\Users\oweng\Documents\Developed mods\afklobbymod\versions\1.21.1\.gradle\loom-cache\remapped_mods\net_fabricmc_yarn_1_21_1_1_21_1_build_1_v2\net\fabricmc\fabric-api\fabric-renderer-api-v1",
"C:\Users\oweng\Documents\Developed mods\afklobbymod\versions\1.21.1\.gradle\loom-cache\remapped_mods\net_fabricmc_yarn_1_21_1_1_21_1_build_1_v2\net\fabricmc\fabric-api\fabric-renderer-indigo",
"C:\Users\oweng\Documents\Developed mods\afklobbymod\versions\1.21.1\.gradle\loom-cache\remapped_mods\net_fabricmc_yarn_1_21_1_1_21_1_build_1_v2\net\fabricmc\fabric-api\fabric-renderer-registries-v1",
"C:\Users\oweng\Documents\Developed mods\afklobbymod\versions\1.21.1\.gradle\loom-cache\remapped_mods\net_fabricmc_yarn_1_21_1_1_21_1_build_1_v2\net\fabricmc\fabric-api\fabric-rendering-data-attachment-v1",
"C:\Users\oweng\Documents\Developed mods\afklobbymod\versions\1.21.1\.gradle\loom-cache\remapped_mods\net_fabricmc_yarn_1_21_1_1_21_1_build_1_v2\net\fabricmc\fabric-api\fabric-rendering-fluids-v1",
"C:\Users\oweng\Documents\Developed mods\afklobbymod\versions\1.21.1\.gradle\loom-cache\remapped_mods\net_fabricmc_yarn_1_21_1_1_21_1_build_1_v2\net\fabricmc\fabric-api\fabric-rendering-v0",
"C:\Users\oweng\Documents\Developed mods\afklobbymod\versions\1.21.1\.gradle\loom-cache\remapped_mods\net_fabricmc_yarn_1_21_1_1_21_1_build_1_v2\net\fabricmc\fabric-api\fabric-rendering-v1",
"C:\Users\oweng\Documents\Developed mods\afklobbymod\versions\1.21.1\.gradle\loom-cache\remapped_mods\net_fabricmc_yarn_1_21_1_1_21_1_build_1_v2\net\fabricmc\fabric-api\fabric-resource-conditions-api-v1",
"C:\Users\oweng\Documents\Developed mods\afklobbymod\versions\1.21.1\.gradle\loom-cache\remapped_mods\net_fabricmc_yarn_1_21_1_1_21_1_build_1_v2\net\fabricmc\fabric-api\fabric-resource-loader-v0",
"C:\Users\oweng\Documents\Developed mods\afklobbymod\versions\1.21.1\.gradle\loom-cache\remapped_mods\net_fabricmc_yarn_1_21_1_1_21_1_build_1_v2\net\fabricmc\fabric-api\fabric-screen-api-v1",
"C:\Users\oweng\Documents\Developed mods\afklobbymod\versions\1.21.1\.gradle\loom-cache\remapped_mods\net_fabricmc_yarn_1_21_1_1_21_1_build_1_v2\net\fabricmc\fabric-api\fabric-screen-handler-api-v1",
"C:\Users\oweng\Documents\Developed mods\afklobbymod\versions\1.21.1\.gradle\loom-cache\remapped_mods\net_fabricmc_yarn_1_21_1_1_21_1_build_1_v2\net\fabricmc\fabric-api\fabric-sound-api-v1",
"C:\Users\oweng\Documents\Developed mods\afklobbymod\versions\1.21.1\.gradle\loom-cache\remapped_mods\net_fabricmc_yarn_1_21_1_1_21_1_build_1_v2\net\fabricmc\fabric-api\fabric-transfer-api-v1",
"C:\Users\oweng\Documents\Developed mods\afklobbymod\versions\1.21.1\.gradle\loom-cache\remapped_mods\net_fabricmc_yarn_1_21_1_1_21_1_build_1_v2\net\fabricmc\fabric-api\fabric-transitive-access-wideners-v1",
"C:\Users\oweng\Documents\Developed mods\afklobbymod\versions\1.21.1\.gradle\loom-cache\remapped_mods\net_fabricmc_yarn_1_21_1_1_21_1_build_1_v2\net\fabricmc\fabric-api\fabric-api\0.102.0+1.21.1",
"C:\Users\oweng\Documents\Developed mods\afklobbymod\versions\1.21.1\.gradle\loom-cache\remapped_mods\net_fabricmc_yarn_1_21_1_1_21_1_build_1_v2\net\fabricmc\fabric-api\fabric-api\0.102.0+1.21.1\fabric-api-0.102.0+1.21.1-sources.jar","6603"
"C:\Users\oweng\Documents\Developed mods\afklobbymod\versions\1.21.1\.gradle\loom-cache\remapped_mods\net_fabricmc_yarn_1_21_1_1_21_1_build_1_v2\net\fabricmc\fabric-api\fabric-api\0.102.0+1.21.1\fabric-api-0.102.0+1.21.1.jar","2281633"
"C:\Users\oweng\Documents\Developed mods\afklobbymod\versions\1.21.1\.gradle\loom-cache\remapped_mods\net_fabricmc_yarn_1_21_1_1_21_1_build_1_v2\net\fabricmc\fabric-api\fabric-api\0.102.0+1.21.1\fabric-api-0.102.0+1.21.1.pom","453"
"C:\Users\oweng\Documents\Developed mods\afklobbymod\versions\1.21.1\.gradle\loom-cache\remapped_mods\net_fabricmc_yarn_1_21_1_1_21_1_build_1_v2\net\fabricmc\fabric-api\fabric-api-base\0.4.42+6573ed8c6a",
"C:\Users\oweng\Documents\Developed mods\afklobbymod\versions\1.21.1\.gradle\loom-cache\remapped_mods\net_fabricmc_yarn_1_21_1_1_21_1_build_1_v2\net\fabricmc\fabric-api\fabric-api-base\0.4.42+6573ed8c6a\fabric-api-base-0.4.42+6573ed8c6a-sources.jar","27603"
"C:\Users\oweng\Documents\Developed mods\afklobbymod\versions\1.21.1\.gradle\loom-cache\remapped_mods\net_fabricmc_yarn_1_21_1_1_21_1_build_1_v2\net\fabricmc\fabric-api\fabric-api-base\0.4.42+6573ed8c6a\fabric-api-base-0.4.42+6573ed8c6a.jar","28574"
"C:\Users\oweng\Documents\Developed mods\afklobbymod\versions\1.21.1\.gradle\loom-cache\remapped_mods\net_fabricmc_yarn_1_21_1_1_21_1_build_1_v2\net\fabricmc\fabric-api\fabric-api-base\0.4.42+6573ed8c6a\fabric-api-base-0.4.42+6573ed8c6a.pom","461"
"C:\Users\oweng\Documents\Developed mods\afklobbymod\versions\1.21.1\.gradle\loom-cache\remapped_mods\net_fabricmc_yarn_1_21_1_1_21_1_build_1_v2\net\fabricmc\fabric-api\fabric-api-lookup-api-v1\1.6.68+b55973446a",
"C:\Users\oweng\Documents\Developed mods\afklobbymod\versions\1.21.1\.gradle\loom-cache\remapped_mods\net_fabricmc_yarn_1_21_1_1_21_1_build_1_v2\net\fabricmc\fabric-api\fabric-api-lookup-api-v1\1.6.68+b55973446a\fabric-api-lookup-api-v1-1.6.68+b55973446a-sources.jar","47157"
"C:\Users\oweng\Documents\Developed mods\afklobbymod\versions\1.21.1\.gradle\loom-cache\remapped_mods\net_fabricmc_yarn_1_21_1_1_21_1_build_1_v2\net\fabricmc\fabric-api\fabric-api-lookup-api-v1\1.6.68+b55973446a\fabric-api-lookup-api-v1-1.6.68+b55973446a.jar","50416"
"C:\Users\oweng\Documents\Developed mods\afklobbymod\versions\1.21.1\.gradle\loom-cache\remapped_mods\net_fabricmc_yarn_1_21_1_1_21_1_build_1_v2\net\fabricmc\fabric-api\fabric-api-lookup-api-v1\1.6.68+b55973446a\fabric-api-lookup-api-v1-1.6.68+b55973446a.pom","470"
"C:\Users\oweng\Documents\Developed mods\afklobbymod\versions\1.21.1\.gradle\loom-cache\remapped_mods\net_fabricmc_yarn_1_21_1_1_21_1_build_1_v2\net\fabricmc\fabric-api\fabric-biome-api-v1\13.0.29+5bd9f1bc6a",
"C:\Users\oweng\Documents\Developed mods\afklobbymod\versions\1.21.1\.gradle\loom-cache\remapped_mods\net_fabricmc_yarn_1_21_1_1_21_1_build_1_v2\net\fabricmc\fabric-api\fabric-biome-api-v1\13.0.29+5bd9f1bc6a\fabric-biome-api-v1-13.0.29+5bd9f1bc6a-sources.jar","54678"
"C:\Users\oweng\Documents\Developed mods\afklobbymod\versions\1.21.1\.gradle\loom-cache\remapped_mods\net_fabricmc_yarn_1_21_1_1_21_1_build_1_v2\net\fabricmc\fabric-api\fabric-biome-api-v1\13.0.29+5bd9f1bc6a\fabric-biome-api-v1-13.0.29+5bd9f1bc6a.jar","80700"
"C:\Users\oweng\Documents\Developed mods\afklobbymod\versions\1.21.1\.gradle\loom-cache\remapped_mods\net_fabricmc_yarn_1_21_1_1_21_1_build_1_v2\net\fabricmc\fabric-api\fabric-biome-api-v1\13.0.29+5bd9f1bc6a\fabric-biome-api-v1-13.0.29+5bd9f1bc6a.pom","466"
"C:\Users\oweng\Documents\Developed mods\afklobbymod\versions\1.21.1\.gradle\loom-cache\remapped_mods\net_fabricmc_yarn_1_21_1_1_21_1_build_1_v2\net\fabricmc\fabric-api\fabric-block-api-v1\1.0.22+0af3f5a76a",
"C:\Users\oweng\Documents\Developed mods\afklobbymod\versions\1.21.1\.gradle\loom-cache\remapped_mods\net_fabricmc_yarn_1_21_1_1_21_1_build_1_v2\net\fabricmc\fabric-api\fabric-block-api-v1\1.0.22+0af3f5a76a\fabric-block-api-v1-1.0.22+0af3f5a76a-sources.jar","16737"
"C:\Users\oweng\Documents\Developed mods\afklobbymod\versions\1.21.1\.gradle\loom-cache\remapped_mods\net_fabricmc_yarn_1_21_1_1_21_1_build_1_v2\net\fabricmc\fabric-api\fabric-block-api-v1\1.0.22+0af3f5a76a\fabric-block-api-v1-1.0.22+0af3f5a76a.jar","14560"
"C:\Users\oweng\Documents\Developed mods\afklobbymod\versions\1.21.1\.gradle\loom-cache\remapped_mods\net_fabricmc_yarn_1_21_1_1_21_1_build_1_v2\net\fabricmc\fabric-api\fabric-block-api-v1\1.0.22+0af3f5a76a\fabric-block-api-v1-1.0.22+0af3f5a76a.pom","465"
"C:\Users\oweng\Documents\Developed mods\afklobbymod\versions\1.21.1\.gradle\loom-cache\remapped_mods\net_fabricmc_yarn_1_21_1_1_21_1_build_1_v2\net\fabricmc\fabric-api\fabric-block-view-api-v2\1.0.10+6573ed8c6a",
"C:\Users\oweng\Documents\Developed mods\afklobbymod\versions\1.21.1\.gradle\loom-cache\remapped_mods\net_fabricmc_yarn_1_21_1_1_21_1_build_1_v2\net\fabricmc\fabric-api\fabric-block-view-api-v2\1.0.10+6573ed8c6a\fabric-block-view-api-v2-1.0.10+6573ed8c6a-sources.jar","23450"
"C:\Users\oweng\Documents\Developed mods\afklobbymod\versions\1.21.1\.gradle\loom-cache\remapped_mods\net_fabricmc_yarn_1_21_1_1_21_1_build_1_v2\net\fabricmc\fabric-api\fabric-block-view-api-v2\1.0.10+6573ed8c6a\fabric-block-view-api-v2-1.0.10+6573ed8c6a.jar","21770"
"C:\Users\oweng\Documents\Developed mods\afklobbymod\versions\1.21.1\.gradle\loom-cache\remapped_mods\net_fabricmc_yarn_1_21_1_1_21_1_build_1_v2\net\fabricmc\fabric-api\fabric-block-view-api-v2\1.0.10+6573ed8c6a\fabric-block-view-api-v2-1.0.10+6573ed8c6a.pom","470"
"C:\Users\oweng\Documents\Developed mods\afklobbymod\versions\1.21.1\.gradle\loom-cache\remapped_mods\net_fabricmc_yarn_1_21_1_1_21_1_build_1_v2\net\fabricmc\fabric-api\fabric-blockrenderlayer-v1\1.1.52+0af3f5a76a",
"C:\Users\oweng\Documents\Developed mods\afklobbymod\versions\1.21.1\.gradle\loom-cache\remapped_mods\net_fabricmc_yarn_1_21_1_1_21_1_build_1_v2\net\fabricmc\fabric-api\fabric-blockrenderlayer-v1\1.1.52+0af3f5a76a\fabric-blockrenderlayer-v1-1.1.52+0af3f5a76a-sources.jar","15123"
"C:\Users\oweng\Documents\Developed mods\afklobbymod\versions\1.21.1\.gradle\loom-cache\remapped_mods\net_fabricmc_yarn_1_21_1_1_21_1_build_1_v2\net\fabricmc\fabric-api\fabric-blockrenderlayer-v1\1.1.52+0af3f5a76a\fabric-blockrenderlayer-v1-1.1.52+0af3f5a76a.jar","15790"
"C:\Users\oweng\Documents\Developed mods\afklobbymod\versions\1.21.1\.gradle\loom-cache\remapped_mods\net_fabricmc_yarn_1_21_1_1_21_1_build_1_v2\net\fabricmc\fabric-api\fabric-blockrenderlayer-v1\1.1.52+0af3f5a76a\fabric-blockrenderlayer-v1-1.1.52+0af3f5a76a.pom","472"
"C:\Users\oweng\Documents\Developed mods\afklobbymod\versions\1.21.1\.gradle\loom-cache\remapped_mods\net_fabricmc_yarn_1_21_1_1_21_1_build_1_v2\net\fabricmc\fabric-api\fabric-client-tags-api-v1\1.1.15+6573ed8c6a",
"C:\Users\oweng\Documents\Developed mods\afklobbymod\versions\1.21.1\.gradle\loom-cache\remapped_mods\net_fabricmc_yarn_1_21_1_1_21_1_build_1_v2\net\fabricmc\fabric-api\fabric-client-tags-api-v1\1.1.15+6573ed8c6a\fabric-client-tags-api-v1-1.1.15+6573ed8c6a-sources.jar","15069"
"C:\Users\oweng\Documents\Developed mods\afklobbymod\versions\1.21.1\.gradle\loom-cache\remapped_mods\net_fabricmc_yarn_1_21_1_1_21_1_build_1_v2\net\fabricmc\fabric-api\fabric-client-tags-api-v1\1.1.15+6573ed8c6a\fabric-client-tags-api-v1-1.1.15+6573ed8c6a.jar","20309"
"C:\Users\oweng\Documents\Developed mods\afklobbymod\versions\1.21.1\.gradle\loom-cache\remapped_mods\net_fabricmc_yarn_1_21_1_1_21_1_build_1_v2\net\fabricmc\fabric-api\fabric-client-tags-api-v1\1.1.15+6573ed8c6a\fabric-client-tags-api-v1-1.1.15+6573ed8c6a.pom","471"
"C:\Users\oweng\Documents\Developed mods\afklobbymod\versions\1.21.1\.gradle\loom-cache\remapped_mods\net_fabricmc_yarn_1_21_1_1_21_1_build_1_v2\net\fabricmc\fabric-api\fabric-command-api-v1\1.2.49+f71b366f6a",
"C:\Users\oweng\Documents\Developed mods\afklobbymod\versions\1.21.1\.gradle\loom-cache\remapped_mods\net_fabricmc_yarn_1_21_1_1_21_1_build_1_v2\net\fabricmc\fabric-api\fabric-command-api-v1\1.2.49+f71b366f6a\fabric-command-api-v1-1.2.49+f71b366f6a-sources.jar","11327"
"C:\Users\oweng\Documents\Developed mods\afklobbymod\versions\1.21.1\.gradle\loom-cache\remapped_mods\net_fabricmc_yarn_1_21_1_1_21_1_build_1_v2\net\fabricmc\fabric-api\fabric-command-api-v1\1.2.49+f71b366f6a\fabric-command-api-v1-1.2.49+f71b366f6a.jar","11680"
"C:\Users\oweng\Documents\Developed mods\afklobbymod\versions\1.21.1\.gradle\loom-cache\remapped_mods\net_fabricmc_yarn_1_21_1_1_21_1_build_1_v2\net\fabricmc\fabric-api\fabric-command-api-v1\1.2.49+f71b366f6a\fabric-command-api-v1-1.2.49+f71b366f6a.pom","467"
"C:\Users\oweng\Documents\Developed mods\afklobbymod\versions\1.21.1\.gradle\loom-cache\remapped_mods\net_fabricmc_yarn_1_21_1_1_21_1_build_1_v2\net\fabricmc\fabric-api\fabric-command-api-v2\2.2.28+6ced4dd96a",
"C:\Users\oweng\Documents\Developed mods\afklobbymod\versions\1.21.1\.gradle\loom-cache\remapped_mods\net_fabricmc_yarn_1_21_1_1_21_1_build_1_v2\net\fabricmc\fabric-api\fabric-command-api-v2\2.2.28+6ced4dd96a\fabric-command-api-v2-2.2.28+6ced4dd96a-sources.jar","34476"
"C:\Users\oweng\Documents\Developed mods\afklobbymod\versions\1.21.1\.gradle\loom-cache\remapped_mods\net_fabricmc_yarn_1_21_1_1_21_1_build_1_v2\net\fabricmc\fabric-api\fabric-command-api-v2\2.2.28+6ced4dd96a\fabric-command-api-v2-2.2.28+6ced4dd96a.jar","35409"
"C:\Users\oweng\Documents\Developed mods\afklobbymod\versions\1.21.1\.gradle\loom-cache\remapped_mods\net_fabricmc_yarn_1_21_1_1_21_1_build_1_v2\net\fabricmc\fabric-api\fabric-command-api-v2\2.2.28+6ced4dd96a\fabric-command-api-v2-2.2.28+6ced4dd96a.pom","467"
"C:\Users\oweng\Documents\Developed mods\afklobbymod\versions\1.21.1\.gradle\loom-cache\remapped_mods\net_fabricmc_yarn_1_21_1_1_21_1_build_1_v2\net\fabricmc\fabric-api\fabric-commands-v0\0.2.66+df3654b36a",
"C:\Users\oweng\Documents\Developed mods\afklobbymod\versions\1.21.1\.gradle\loom-cache\remapped_mods\net_fabricmc_yarn_1_21_1_1_21_1_build_1_v2\net\fabricmc\fabric-api\fabric-commands-v0\0.2.66+df3654b36a\fabric-commands-v0-0.2.66+df3654b36a-sources.jar","8872"
"C:\Users\oweng\Documents\Developed mods\afklobbymod\versions\1.21.1\.gradle\loom-cache\remapped_mods\net_fabricmc_yarn_1_21_1_1_21_1_build_1_v2\net\fabricmc\fabric-api\fabric-commands-v0\0.2.66+df3654b36a\fabric-commands-v0-0.2.66+df3654b36a.jar","9166"
"C:\Users\oweng\Documents\Developed mods\afklobbymod\versions\1.21.1\.gradle\loom-cache\remapped_mods\net_fabricmc_yarn_1_21_1_1_21_1_build_1_v2\net\fabricmc\fabric-api\fabric-commands-v0\0.2.66+df3654b36a\fabric-commands-v0-0.2.66+df3654b36a.pom","464"
"C:\Users\oweng\Documents\Developed mods\afklobbymod\versions\1.21.1\.gradle\loom-cache\remapped_mods\net_fabricmc_yarn_1_21_1_1_21_1_build_1_v2\net\fabricmc\fabric-api\fabric-content-registries-v0\8.0.16+b55973446a",
"C:\Users\oweng\Documents\Developed mods\afklobbymod\versions\1.21.1\.gradle\loom-cache\remapped_mods\net_fabricmc_yarn_1_21_1_1_21_1_build_1_v2\net\fabricmc\fabric-api\fabric-content-registries-v0\8.0.16+b55973446a\fabric-content-registries-v0-8.0.16+b55973446a-sources.jar","51008"
"C:\Users\oweng\Documents\Developed mods\afklobbymod\versions\1.21.1\.gradle\loom-cache\remapped_mods\net_fabricmc_yarn_1_21_1_1_21_1_build_1_v2\net\fabricmc\fabric-api\fabric-content-registries-v0\8.0.16+b55973446a\fabric-content-registries-v0-8.0.16+b55973446a.jar","56858"
"C:\Users\oweng\Documents\Developed mods\afklobbymod\versions\1.21.1\.gradle\loom-cache\remapped_mods\net_fabricmc_yarn_1_21_1_1_21_1_build_1_v2\net\fabricmc\fabric-api\fabric-content-registries-v0\8.0.16+b55973446a\fabric-content-registries-v0-8.0.16+b55973446a.pom","474"
"C:\Users\oweng\Documents\Developed mods\afklobbymod\versions\1.21.1\.gradle\loom-cache\remapped_mods\net_fabricmc_yarn_1_21_1_1_21_1_build_1_v2\net\fabricmc\fabric-api\fabric-convention-tags-v1\2.0.19+7f945d5b6a",
"C:\Users\oweng\Documents\Developed mods\afklobbymod\versions\1.21.1\.gradle\loom-cache\remapped_mods\net_fabricmc_yarn_1_21_1_1_21_1_build_1_v2\net\fabricmc\fabric-api\fabric-convention-tags-v1\2.0.19+7f945d5b6a\fabric-convention-tags-v1-2.0.19+7f945d5b6a-sources.jar","24781"
"C:\Users\oweng\Documents\Developed mods\afklobbymod\versions\1.21.1\.gradle\loom-cache\remapped_mods\net_fabricmc_yarn_1_21_1_1_21_1_build_1_v2\net\fabricmc\fabric-api\fabric-convention-tags-v1\2.0.19+7f945d5b6a\fabric-convention-tags-v1-2.0.19+7f945d5b6a.jar","31301"
"C:\Users\oweng\Documents\Developed mods\afklobbymod\versions\1.21.1\.gradle\loom-cache\remapped_mods\net_fabricmc_yarn_1_21_1_1_21_1_build_1_v2\net\fabricmc\fabric-api\fabric-convention-tags-v1\2.0.19+7f945d5b6a\fabric-convention-tags-v1-2.0.19+7f945d5b6a.pom","471"
"C:\Users\oweng\Documents\Developed mods\afklobbymod\versions\1.21.1\.gradle\loom-cache\remapped_mods\net_fabricmc_yarn_1_21_1_1_21_1_build_1_v2\net\fabricmc\fabric-api\fabric-convention-tags-v2\2.5.0+c5e2b5c66a",
"C:\Users\oweng\Documents\Developed mods\afklobbymod\versions\1.21.1\.gradle\loom-cache\remapped_mods\net_fabricmc_yarn_1_21_1_1_21_1_build_1_v2\net\fabricmc\fabric-api\fabric-convention-tags-v2\2.5.0+c5e2b5c66a\fabric-convention-tags-v2-2.5.0+c5e2b5c66a-sources.jar","182472"
"C:\Users\oweng\Documents\Developed mods\afklobbymod\versions\1.21.1\.gradle\loom-cache\remapped_mods\net_fabricmc_yarn_1_21_1_1_21_1_build_1_v2\net\fabricmc\fabric-api\fabric-convention-tags-v2\2.5.0+c5e2b5c66a\fabric-convention-tags-v2-2.5.0+c5e2b5c66a.jar","186347"
"C:\Users\oweng\Documents\Developed mods\afklobbymod\versions\1.21.1\.gradle\loom-cache\remapped_mods\net_fabricmc_yarn_1_21_1_1_21_1_build_1_v2\net\fabricmc\fabric-api\fabric-convention-tags-v2\2.5.0+c5e2b5c66a\fabric-convention-tags-v2-2.5.0+c5e2b5c66a.pom","470"
"C:\Users\oweng\Documents\Developed mods\afklobbymod\versions\1.21.1\.gradle\loom-cache\remapped_mods\net_fabricmc_yarn_1_21_1_1_21_1_build_1_v2\net\fabricmc\fabric-api\fabric-crash-report-info-v1\0.2.29+0af3f5a76a",
"C:\Users\oweng\Documents\Developed mods\afklobbymod\versions\1.21.1\.gradle\loom-cache\remapped_mods\net_fabricmc_yarn_1_21_1_1_21_1_build_1_v2\net\fabricmc\fabric-api\fabric-crash-report-info-v1\0.2.29+0af3f5a76a\fabric-crash-report-info-v1-0.2.29+0af3f5a76a-sources.jar","10830"
"C:\Users\oweng\Documents\Developed mods\afklobbymod\versions\1.21.1\.gradle\loom-cache\remapped_mods\net_fabricmc_yarn_1_21_1_1_21_1_build_1_v2\net\fabricmc\fabric-api\fabric-crash-report-info-v1\0.2.29+0af3f5a76a\fabric-crash-report-info-v1-0.2.29+0af3f5a76a.jar","11943"
"C:\Users\oweng\Documents\Developed mods\afklobbymod\versions\1.21.1\.gradle\loom-cache\remapped_mods\net_fabricmc_yarn_1_21_1_1_21_1_build_1_v2\net\fabricmc\fabric-api\fabric-crash-report-info-v1\0.2.29+0af3f5a76a\fabric-crash-report-info-v1-0.2.29+0af3f5a76a.pom","473"
"C:\Users\oweng\Documents\Developed mods\afklobbymod\versions\1.21.1\.gradle\loom-cache\remapped_mods\net_fabricmc_yarn_1_21_1_1_21_1_build_1_v2\net\fabricmc\fabric-api\fabric-data-attachment-api-v1\1.1.27+1daea2156a",
"C:\Users\oweng\Documents\Developed mods\afklobbymod\versions\1.21.1\.gradle\loom-cache\remapped_mods\net_fabricmc_yarn_1_21_1_1_21_1_build_1_v2\net\fabricmc\fabric-api\fabric-data-attachment-api-v1\1.1.27+1daea2156a\fabric-data-attachment-api-v1-1.1.27+1daea2156a-sources.jar","37783"
"C:\Users\oweng\Documents\Developed mods\afklobbymod\versions\1.21.1\.gradle\loom-cache\remapped_mods\net_fabricmc_yarn_1_21_1_1_21_1_build_1_v2\net\fabricmc\fabric-api\fabric-data-attachment-api-v1\1.1.27+1daea2156a\fabric-data-attachment-api-v1-1.1.27+1daea2156a.jar","42875"
"C:\Users\oweng\Documents\Developed mods\afklobbymod\versions\1.21.1\.gradle\loom-cache\remapped_mods\net_fabricmc_yarn_1_21_1_1_21_1_build_1_v2\net\fabricmc\fabric-api\fabric-data-attachment-api-v1\1.1.27+1daea2156a\fabric-data-attachment-api-v1-1.1.27+1daea2156a.pom","475"
"C:\Users\oweng\Documents\Developed mods\afklobbymod\versions\1.21.1\.gradle\loom-cache\remapped_mods\net_fabricmc_yarn_1_21_1_1_21_1_build_1_v2\net\fabricmc\fabric-api\fabric-data-generation-api-v1\20.2.16+16c4ae256a",
"C:\Users\oweng\Documents\Developed mods\afklobbymod\versions\1.21.1\.gradle\loom-cache\remapped_mods\net_fabricmc_yarn_1_21_1_1_21_1_build_1_v2\net\fabricmc\fabric-api\fabric-data-generation-api-v1\20.2.16+16c4ae256a\fabric-data-generation-api-v1-20.2.16+16c4ae256a-sources.jar","65647"
"C:\Users\oweng\Documents\Developed mods\afklobbymod\versions\1.21.1\.gradle\loom-cache\remapped_mods\net_fabricmc_yarn_1_21_1_1_21_1_build_1_v2\net\fabricmc\fabric-api\fabric-data-generation-api-v1\20.2.16+16c4ae256a\fabric-data-generation-api-v1-20.2.16+16c4ae256a.jar","100334"
"C:\Users\oweng\Documents\Developed mods\afklobbymod\versions\1.21.1\.gradle\loom-cache\remapped_mods\net_fabricmc_yarn_1_21_1_1_21_1_build_1_v2\net\fabricmc\fabric-api\fabric-data-generation-api-v1\20.2.16+16c4ae256a\fabric-data-generation-api-v1-20.2.16+16c4ae256a.pom","476"
"C:\Users\oweng\Documents\Developed mods\afklobbymod\versions\1.21.1\.gradle\loom-cache\remapped_mods\net_fabricmc_yarn_1_21_1_1_21_1_build_1_v2\net\fabricmc\fabric-api\fabric-dimensions-v1\4.0.0+6fc22b996a",
"C:\Users\oweng\Documents\Developed mods\afklobbymod\versions\1.21.1\.gradle\loom-cache\remapped_mods\net_fabricmc_yarn_1_21_1_1_21_1_build_1_v2\net\fabricmc\fabric-api\fabric-dimensions-v1\4.0.0+6fc22b996a\fabric-dimensions-v1-4.0.0+6fc22b996a-sources.jar","18465"
"C:\Users\oweng\Documents\Developed mods\afklobbymod\versions\1.21.1\.gradle\loom-cache\remapped_mods\net_fabricmc_yarn_1_21_1_1_21_1_build_1_v2\net\fabricmc\fabric-api\fabric-dimensions-v1\4.0.0+6fc22b996a\fabric-dimensions-v1-4.0.0+6fc22b996a.jar","19910"
"C:\Users\oweng\Documents\Developed mods\afklobbymod\versions\1.21.1\.gradle\loom-cache\remapped_mods\net_fabricmc_yarn_1_21_1_1_21_1_build_1_v2\net\fabricmc\fabric-api\fabric-dimensions-v1\4.0.0+6fc22b996a\fabric-dimensions-v1-4.0.0+6fc22b996a.pom","465"
"C:\Users\oweng\Documents\Developed mods\afklobbymod\versions\1.21.1\.gradle\loom-cache\remapped_mods\net_fabricmc_yarn_1_21_1_1_21_1_build_1_v2\net\fabricmc\fabric-api\fabric-entity-events-v1\1.6.12+6fc22b996a",
"C:\Users\oweng\Documents\Developed mods\afklobbymod\versions\1.21.1\.gradle\loom-cache\remapped_mods\net_fabricmc_yarn_1_21_1_1_21_1_build_1_v2\net\fabricmc\fabric-api\fabric-entity-events-v1\1.6.12+6fc22b996a\fabric-entity-events-v1-1.6.12+6fc22b996a-sources.jar","45591"
"C:\Users\oweng\Documents\Developed mods\afklobbymod\versions\1.21.1\.gradle\loom-cache\remapped_mods\net_fabricmc_yarn_1_21_1_1_21_1_build_1_v2\net\fabricmc\fabric-api\fabric-entity-events-v1\1.6.12+6fc22b996a\fabric-entity-events-v1-1.6.12+6fc22b996a.jar","66871"
"C:\Users\oweng\Documents\Developed mods\afklobbymod\versions\1.21.1\.gradle\loom-cache\remapped_mods\net_fabricmc_yarn_1_21_1_1_21_1_build_1_v2\net\fabricmc\fabric-api\fabric-entity-events-v1\1.6.12+6fc22b996a\fabric-entity-events-v1-1.6.12+6fc22b996a.pom","469"
"C:\Users\oweng\Documents\Developed mods\afklobbymod\versions\1.21.1\.gradle\loom-cache\remapped_mods\net_fabricmc_yarn_1_21_1_1_21_1_build_1_v2\net\fabricmc\fabric-api\fabric-events-interaction-v0\0.7.12+ba9dae066a",
"C:\Users\oweng\Documents\Developed mods\afklobbymod\versions\1.21.1\.gradle\loom-cache\remapped_mods\net_fabricmc_yarn_1_21_1_1_21_1_build_1_v2\net\fabricmc\fabric-api\fabric-events-interaction-v0\0.7.12+ba9dae066a\fabric-events-interaction-v0-0.7.12+ba9dae066a-sources.jar","49719"
"C:\Users\oweng\Documents\Developed mods\afklobbymod\versions\1.21.1\.gradle\loom-cache\remapped_mods\net_fabricmc_yarn_1_21_1_1_21_1_build_1_v2\net\fabricmc\fabric-api\fabric-events-interaction-v0\0.7.12+ba9dae066a\fabric-events-interaction-v0-0.7.12+ba9dae066a.jar","62546"
"C:\Users\oweng\Documents\Developed mods\afklobbymod\versions\1.21.1\.gradle\loom-cache\remapped_mods\net_fabricmc_yarn_1_21_1_1_21_1_build_1_v2\net\fabricmc\fabric-api\fabric-events-interaction-v0\0.7.12+ba9dae066a\fabric-events-interaction-v0-0.7.12+ba9dae066a.pom","474"
"C:\Users\oweng\Documents\Developed mods\afklobbymod\versions\1.21.1\.gradle\loom-cache\remapped_mods\net_fabricmc_yarn_1_21_1_1_21_1_build_1_v2\net\fabricmc\fabric-api\fabric-game-rule-api-v1\1.0.53+6ced4dd96a",
"C:\Users\oweng\Documents\Developed mods\afklobbymod\versions\1.21.1\.gradle\loom-cache\remapped_mods\net_fabricmc_yarn_1_21_1_1_21_1_build_1_v2\net\fabricmc\fabric-api\fabric-game-rule-api-v1\1.0.53+6ced4dd96a\fabric-game-rule-api-v1-1.0.53+6ced4dd96a-sources.jar","42911"
"C:\Users\oweng\Documents\Developed mods\afklobbymod\versions\1.21.1\.gradle\loom-cache\remapped_mods\net_fabricmc_yarn_1_21_1_1_21_1_build_1_v2\net\fabricmc\fabric-api\fabric-game-rule-api-v1\1.0.53+6ced4dd96a\fabric-game-rule-api-v1-1.0.53+6ced4dd96a.jar","51977"
"C:\Users\oweng\Documents\Developed mods\afklobbymod\versions\1.21.1\.gradle\loom-cache\remapped_mods\net_fabricmc_yarn_1_21_1_1_21_1_build_1_v2\net\fabricmc\fabric-api\fabric-game-rule-api-v1\1.0.53+6ced4dd96a\fabric-game-rule-api-v1-1.0.53+6ced4dd96a.pom","469"
"C:\Users\oweng\Documents\Developed mods\afklobbymod\versions\1.21.1\.gradle\loom-cache\remapped_mods\net_fabricmc_yarn_1_21_1_1_21_1_build_1_v2\net\fabricmc\fabric-api\fabric-gametest-api-v1\2.0.4+6fc22b996a",
"C:\Users\oweng\Documents\Developed mods\afklobbymod\versions\1.21.1\.gradle\loom-cache\remapped_mods\net_fabricmc_yarn_1_21_1_1_21_1_build_1_v2\net\fabricmc\fabric-api\fabric-gametest-api-v1\2.0.4+6fc22b996a\fabric-gametest-api-v1-2.0.4+6fc22b996a-sources.jar","32048"
"C:\Users\oweng\Documents\Developed mods\afklobbymod\versions\1.21.1\.gradle\loom-cache\remapped_mods\net_fabricmc_yarn_1_21_1_1_21_1_build_1_v2\net\fabricmc\fabric-api\fabric-gametest-api-v1\2.0.4+6fc22b996a\fabric-gametest-api-v1-2.0.4+6fc22b996a.jar","34396"
"C:\Users\oweng\Documents\Developed mods\afklobbymod\versions\1.21.1\.gradle\loom-cache\remapped_mods\net_fabricmc_yarn_1_21_1_1_21_1_build_1_v2\net\fabricmc\fabric-api\fabric-gametest-api-v1\2.0.4+6fc22b996a\fabric-gametest-api-v1-2.0.4+6fc22b996a.pom","467"
"C:\Users\oweng\Documents\Developed mods\afklobbymod\versions\1.21.1\.gradle\loom-cache\remapped_mods\net_fabricmc_yarn_1_21_1_1_21_1_build_1_v2\net\fabricmc\fabric-api\fabric-item-api-v1\11.0.0+afdfc9216a",
"C:\Users\oweng\Documents\Developed mods\afklobbymod\versions\1.21.1\.gradle\loom-cache\remapped_mods\net_fabricmc_yarn_1_21_1_1_21_1_build_1_v2\net\fabricmc\fabric-api\fabric-item-api-v1\11.0.0+afdfc9216a\fabric-item-api-v1-11.0.0+afdfc9216a-sources.jar","46407"
"C:\Users\oweng\Documents\Developed mods\afklobbymod\versions\1.21.1\.gradle\loom-cache\remapped_mods\net_fabricmc_yarn_1_21_1_1_21_1_build_1_v2\net\fabricmc\fabric-api\fabric-item-api-v1\11.0.0+afdfc9216a\fabric-item-api-v1-11.0.0+afdfc9216a.jar","51134"
"C:\Users\oweng\Documents\Developed mods\afklobbymod\versions\1.21.1\.gradle\loom-cache\remapped_mods\net_fabricmc_yarn_1_21_1_1_21_1_build_1_v2\net\fabricmc\fabric-api\fabric-item-api-v1\11.0.0+afdfc9216a\fabric-item-api-v1-11.0.0+afdfc9216a.pom","464"
"C:\Users\oweng\Documents\Developed mods\afklobbymod\versions\1.21.1\.gradle\loom-cache\remapped_mods\net_fabricmc_yarn_1_21_1_1_21_1_build_1_v2\net\fabricmc\fabric-api\fabric-item-group-api-v1\4.1.4+780172706a",
"C:\Users\oweng\Documents\Developed mods\afklobbymod\versions\1.21.1\.gradle\loom-cache\remapped_mods\net_fabricmc_yarn_1_21_1_1_21_1_build_1_v2\net\fabricmc\fabric-api\fabric-item-group-api-v1\4.1.4+780172706a\fabric-item-group-api-v1-4.1.4+780172706a-sources.jar","45000"
"C:\Users\oweng\Documents\Developed mods\afklobbymod\versions\1.21.1\.gradle\loom-cache\remapped_mods\net_fabricmc_yarn_1_21_1_1_21_1_build_1_v2\net\fabricmc\fabric-api\fabric-item-group-api-v1\4.1.4+780172706a\fabric-item-group-api-v1-4.1.4+780172706a.jar","57774"
"C:\Users\oweng\Documents\Developed mods\afklobbymod\versions\1.21.1\.gradle\loom-cache\remapped_mods\net_fabricmc_yarn_1_21_1_1_21_1_build_1_v2\net\fabricmc\fabric-api\fabric-item-group-api-v1\4.1.4+780172706a\fabric-item-group-api-v1-4.1.4+780172706a.pom","469"
"C:\Users\oweng\Documents\Developed mods\afklobbymod\versions\1.21.1\.gradle\loom-cache\remapped_mods\net_fabricmc_yarn_1_21_1_1_21_1_build_1_v2\net\fabricmc\fabric-api\fabric-key-binding-api-v1\1.0.47+0af3f5a76a",
"C:\Users\oweng\Documents\Developed mods\afklobbymod\versions\1.21.1\.gradle\loom-cache\remapped_mods\net_fabricmc_yarn_1_21_1_1_21_1_build_1_v2\net\fabricmc\fabric-api\fabric-key-binding-api-v1\1.0.47+0af3f5a76a\fabric-key-binding-api-v1-1.0.47+0af3f5a76a-sources.jar","16446"
"C:\Users\oweng\Documents\Developed mods\afklobbymod\versions\1.21.1\.gradle\loom-cache\remapped_mods\net_fabricmc_yarn_1_21_1_1_21_1_build_1_v2\net\fabricmc\fabric-api\fabric-key-binding-api-v1\1.0.47+0af3f5a76a\fabric-key-binding-api-v1-1.0.47+0af3f5a76a.jar","17140"
"C:\Users\oweng\Documents\Developed mods\afklobbymod\versions\1.21.1\.gradle\loom-cache\remapped_mods\net_fabricmc_yarn_1_21_1_1_21_1_build_1_v2\net\fabricmc\fabric-api\fabric-key-binding-api-v1\1.0.47+0af3f5a76a\fabric-key-binding-api-v1-1.0.47+0af3f5a76a.pom","471"
"C:\Users\oweng\Documents\Developed mods\afklobbymod\versions\1.21.1\.gradle\loom-cache\remapped_mods\net_fabricmc_yarn_1_21_1_1_21_1_build_1_v2\net\fabricmc\fabric-api\fabric-keybindings-v0\0.2.45+df3654b36a",
"C:\Users\oweng\Documents\Developed mods\afklobbymod\versions\1.21.1\.gradle\loom-cache\remapped_mods\net_fabricmc_yarn_1_21_1_1_21_1_build_1_v2\net\fabricmc\fabric-api\fabric-keybindings-v0\0.2.45+df3654b36a\fabric-keybindings-v0-0.2.45+df3654b36a-sources.jar","10415"
"C:\Users\oweng\Documents\Developed mods\afklobbymod\versions\1.21.1\.gradle\loom-cache\remapped_mods\net_fabricmc_yarn_1_21_1_1_21_1_build_1_v2\net\fabricmc\fabric-api\fabric-keybindings-v0\0.2.45+df3654b36a\fabric-keybindings-v0-0.2.45+df3654b36a.jar","11950"
"C:\Users\oweng\Documents\Developed mods\afklobbymod\versions\1.21.1\.gradle\loom-cache\remapped_mods\net_fabricmc_yarn_1_21_1_1_21_1_build_1_v2\net\fabricmc\fabric-api\fabric-keybindings-v0\0.2.45+df3654b36a\fabric-keybindings-v0-0.2.45+df3654b36a.pom","467"
"C:\Users\oweng\Documents\Developed mods\afklobbymod\versions\1.21.1\.gradle\loom-cache\remapped_mods\net_fabricmc_yarn_1_21_1_1_21_1_build_1_v2\net\fabricmc\fabric-api\fabric-lifecycle-events-v1\2.3.12+6c1df3606a",
"C:\Users\oweng\Documents\Developed mods\afklobbymod\versions\1.21.1\.gradle\loom-cache\remapped_mods\net_fabricmc_yarn_1_21_1_1_21_1_build_1_v2\net\fabricmc\fabric-api\fabric-lifecycle-events-v1\2.3.12+6c1df3606a\fabric-lifecycle-events-v1-2.3.12+6c1df3606a-sources.jar","57147"
"C:\Users\oweng\Documents\Developed mods\afklobbymod\versions\1.21.1\.gradle\loom-cache\remapped_mods\net_fabricmc_yarn_1_21_1_1_21_1_build_1_v2\net\fabricmc\fabric-api\fabric-lifecycle-events-v1\2.3.12+6c1df3606a\fabric-lifecycle-events-v1-2.3.12+6c1df3606a.jar","91834"
"C:\Users\oweng\Documents\Developed mods\afklobbymod\versions\1.21.1\.gradle\loom-cache\remapped_mods\net_fabricmc_yarn_1_21_1_1_21_1_build_1_v2\net\fabricmc\fabric-api\fabric-lifecycle-events-v1\2.3.12+6c1df3606a\fabric-lifecycle-events-v1-2.3.12+6c1df3606a.pom","472"
"C:\Users\oweng\Documents\Developed mods\afklobbymod\versions\1.21.1\.gradle\loom-cache\remapped_mods\net_fabricmc_yarn_1_21_1_1_21_1_build_1_v2\net\fabricmc\fabric-api\fabric-loot-api-v2\3.0.14+3f89f5a56a",
"C:\Users\oweng\Documents\Developed mods\afklobbymod\versions\1.21.1\.gradle\loom-cache\remapped_mods\net_fabricmc_yarn_1_21_1_1_21_1_build_1_v2\net\fabricmc\fabric-api\fabric-loot-api-v2\3.0.14+3f89f5a56a\fabric-loot-api-v2-3.0.14+3f89f5a56a-sources.jar","20899"
"C:\Users\oweng\Documents\Developed mods\afklobbymod\versions\1.21.1\.gradle\loom-cache\remapped_mods\net_fabricmc_yarn_1_21_1_1_21_1_build_1_v2\net\fabricmc\fabric-api\fabric-loot-api-v2\3.0.14+3f89f5a56a\fabric-loot-api-v2-3.0.14+3f89f5a56a.jar","22301"
"C:\Users\oweng\Documents\Developed mods\afklobbymod\versions\1.21.1\.gradle\loom-cache\remapped_mods\net_fabricmc_yarn_1_21_1_1_21_1_build_1_v2\net\fabricmc\fabric-api\fabric-loot-api-v2\3.0.14+3f89f5a56a\fabric-loot-api-v2-3.0.14+3f89f5a56a.pom","464"
"C:\Users\oweng\Documents\Developed mods\afklobbymod\versions\1.21.1\.gradle\loom-cache\remapped_mods\net_fabricmc_yarn_1_21_1_1_21_1_build_1_v2\net\fabricmc\fabric-api\fabric-loot-api-v3\1.0.2+3f89f5a56a",
"C:\Users\oweng\Documents\Developed mods\afklobbymod\versions\1.21.1\.gradle\loom-cache\remapped_mods\net_fabricmc_yarn_1_21_1_1_21_1_build_1_v2\net\fabricmc\fabric-api\fabric-loot-api-v3\1.0.2+3f89f5a56a\fabric-loot-api-v3-1.0.2+3f89f5a56a-sources.jar","27000"
"C:\Users\oweng\Documents\Developed mods\afklobbymod\versions\1.21.1\.gradle\loom-cache\remapped_mods\net_fabricmc_yarn_1_21_1_1_21_1_build_1_v2\net\fabricmc\fabric-api\fabric-loot-api-v3\1.0.2+3f89f5a56a\fabric-loot-api-v3-1.0.2+3f89f5a56a.jar","30247"
"C:\Users\oweng\Documents\Developed mods\afklobbymod\versions\1.21.1\.gradle\loom-cache\remapped_mods\net_fabricmc_yarn_1_21_1_1_21_1_build_1_v2\net\fabricmc\fabric-api\fabric-loot-api-v3\1.0.2+3f89f5a56a\fabric-loot-api-v3-1.0.2+3f89f5a56a.pom","463"
"C:\Users\oweng\Documents\Developed mods\afklobbymod\versions\1.21.1\.gradle\loom-cache\remapped_mods\net_fabricmc_yarn_1_21_1_1_21_1_build_1_v2\net\fabricmc\fabric-api\fabric-message-api-v1\6.0.13+6573ed8c6a",
"C:\Users\oweng\Documents\Developed mods\afklobbymod\versions\1.21.1\.gradle\loom-cache\remapped_mods\net_fabricmc_yarn_1_21_1_1_21_1_build_1_v2\net\fabricmc\fabric-api\fabric-message-api-v1\6.0.13+6573ed8c6a\fabric-message-api-v1-6.0.13+6573ed8c6a-sources.jar","25341"
"C:\Users\oweng\Documents\Developed mods\afklobbymod\versions\1.21.1\.gradle\loom-cache\remapped_mods\net_fabricmc_yarn_1_21_1_1_21_1_build_1_v2\net\fabricmc\fabric-api\fabric-message-api-v1\6.0.13+6573ed8c6a\fabric-message-api-v1-6.0.13+6573ed8c6a.jar","44784"
"C:\Users\oweng\Documents\Developed mods\afklobbymod\versions\1.21.1\.gradle\loom-cache\remapped_mods\net_fabricmc_yarn_1_21_1_1_21_1_build_1_v2\net\fabricmc\fabric-api\fabric-message-api-v1\6.0.13+6573ed8c6a\fabric-message-api-v1-6.0.13+6573ed8c6a.pom","467"
"C:\Users\oweng\Documents\Developed mods\afklobbymod\versions\1.21.1\.gradle\loom-cache\remapped_mods\net_fabricmc_yarn_1_21_1_1_21_1_build_1_v2\net\fabricmc\fabric-api\fabric-model-loading-api-v1\2.0.0+fe474d6b6a",
"C:\Users\oweng\Documents\Developed mods\afklobbymod\versions\1.21.1\.gradle\loom-cache\remapped_mods\net_fabricmc_yarn_1_21_1_1_21_1_build_1_v2\net\fabricmc\fabric-api\fabric-model-loading-api-v1\2.0.0+fe474d6b6a\fabric-model-loading-api-v1-2.0.0+fe474d6b6a-sources.jar","41863"
"C:\Users\oweng\Documents\Developed mods\afklobbymod\versions\1.21.1\.gradle\loom-cache\remapped_mods\net_fabricmc_yarn_1_21_1_1_21_1_build_1_v2\net\fabricmc\fabric-api\fabric-model-loading-api-v1\2.0.0+fe474d6b6a\fabric-model-loading-api-v1-2.0.0+fe474d6b6a.jar","62835"
"C:\Users\oweng\Documents\Developed mods\afklobbymod\versions\1.21.1\.gradle\loom-cache\remapped_mods\net_fabricmc_yarn_1_21_1_1_21_1_build_1_v2\net\fabricmc\fabric-api\fabric-model-loading-api-v1\2.0.0+fe474d6b6a\fabric-model-loading-api-v1-2.0.0+fe474d6b6a.pom","472"
"C:\Users\oweng\Documents\Developed mods\afklobbymod\versions\1.21.1\.gradle\loom-cache\remapped_mods\net_fabricmc_yarn_1_21_1_1_21_1_build_1_v2\net\fabricmc\fabric-api\fabric-networking-api-v1\4.2.2+60c3209b6a",
"C:\Users\oweng\Documents\Developed mods\afklobbymod\versions\1.21.1\.gradle\loom-cache\remapped_mods\net_fabricmc_yarn_1_21_1_1_21_1_build_1_v2\net\fabricmc\fabric-api\fabric-networking-api-v1\4.2.2+60c3209b6a\fabric-networking-api-v1-4.2.2+60c3209b6a-sources.jar","136267"
"C:\Users\oweng\Documents\Developed mods\afklobbymod\versions\1.21.1\.gradle\loom-cache\remapped_mods\net_fabricmc_yarn_1_21_1_1_21_1_build_1_v2\net\fabricmc\fabric-api\fabric-networking-api-v1\4.2.2+60c3209b6a\fabric-networking-api-v1-4.2.2+60c3209b6a.jar","196626"
"C:\Users\oweng\Documents\Developed mods\afklobbymod\versions\1.21.1\.gradle\loom-cache\remapped_mods\net_fabricmc_yarn_1_21_1_1_21_1_build_1_v2\net\fabricmc\fabric-api\fabric-networking-api-v1\4.2.2+60c3209b6a\fabric-networking-api-v1-4.2.2+60c3209b6a.pom","469"
"C:\Users\oweng\Documents\Developed mods\afklobbymod\versions\1.21.1\.gradle\loom-cache\remapped_mods\net_fabricmc_yarn_1_21_1_1_21_1_build_1_v2\net\fabricmc\fabric-api\fabric-object-builder-api-v1\15.2.0+40875a936a",
"C:\Users\oweng\Documents\Developed mods\afklobbymod\versions\1.21.1\.gradle\loom-cache\remapped_mods\net_fabricmc_yarn_1_21_1_1_21_1_build_1_v2\net\fabricmc\fabric-api\fabric-object-builder-api-v1\15.2.0+40875a936a\fabric-object-builder-api-v1-15.2.0+40875a936a-sources.jar","67419"
"C:\Users\oweng\Documents\Developed mods\afklobbymod\versions\1.21.1\.gradle\loom-cache\remapped_mods\net_fabricmc_yarn_1_21_1_1_21_1_build_1_v2\net\fabricmc\fabric-api\fabric-object-builder-api-v1\15.2.0+40875a936a\fabric-object-builder-api-v1-15.2.0+40875a936a.jar","88809"
"C:\Users\oweng\Documents\Developed mods\afklobbymod\versions\1.21.1\.gradle\loom-cache\remapped_mods\net_fabricmc_yarn_1_21_1_1_21_1_build_1_v2\net\fabricmc\fabric-api\fabric-object-builder-api-v1\15.2.0+40875a936a\fabric-object-builder-api-v1-15.2.0+40875a936a.pom","474"
"C:\Users\oweng\Documents\Developed mods\afklobbymod\versions\1.21.1\.gradle\loom-cache\remapped_mods\net_fabricmc_yarn_1_21_1_1_21_1_build_1_v2\net\fabricmc\fabric-api\fabric-particles-v1\4.0.2+6573ed8c6a",
"C:\Users\oweng\Documents\Developed mods\afklobbymod\versions\1.21.1\.gradle\loom-cache\remapped_mods\net_fabricmc_yarn_1_21_1_1_21_1_build_1_v2\net\fabricmc\fabric-api\fabric-particles-v1\4.0.2+6573ed8c6a\fabric-particles-v1-4.0.2+6573ed8c6a-sources.jar","23713"
"C:\Users\oweng\Documents\Developed mods\afklobbymod\versions\1.21.1\.gradle\loom-cache\remapped_mods\net_fabricmc_yarn_1_21_1_1_21_1_build_1_v2\net\fabricmc\fabric-api\fabric-particles-v1\4.0.2+6573ed8c6a\fabric-particles-v1-4.0.2+6573ed8c6a.jar","30636"
"C:\Users\oweng\Documents\Developed mods\afklobbymod\versions\1.21.1\.gradle\loom-cache\remapped_mods\net_fabricmc_yarn_1_21_1_1_21_1_build_1_v2\net\fabricmc\fabric-api\fabric-particles-v1\4.0.2+6573ed8c6a\fabric-particles-v1-4.0.2+6573ed8c6a.pom","464"
"C:\Users\oweng\Documents\Developed mods\afklobbymod\versions\1.21.1\.gradle\loom-cache\remapped_mods\net_fabricmc_yarn_1_21_1_1_21_1_build_1_v2\net\fabricmc\fabric-api\fabric-recipe-api-v1\5.0.12+650897126a",
"C:\Users\oweng\Documents\Developed mods\afklobbymod\versions\1.21.1\.gradle\loom-cache\remapped_mods\net_fabricmc_yarn_1_21_1_1_21_1_build_1_v2\net\fabricmc\fabric-api\fabric-recipe-api-v1\5.0.12+650897126a\fabric-recipe-api-v1-5.0.12+650897126a-sources.jar","46265"
"C:\Users\oweng\Documents\Developed mods\afklobbymod\versions\1.21.1\.gradle\loom-cache\remapped_mods\net_fabricmc_yarn_1_21_1_1_21_1_build_1_v2\net\fabricmc\fabric-api\fabric-recipe-api-v1\5.0.12+650897126a\fabric-recipe-api-v1-5.0.12+650897126a.jar","60478"
"C:\Users\oweng\Documents\Developed mods\afklobbymod\versions\1.21.1\.gradle\loom-cache\remapped_mods\net_fabricmc_yarn_1_21_1_1_21_1_build_1_v2\net\fabricmc\fabric-api\fabric-recipe-api-v1\5.0.12+650897126a\fabric-recipe-api-v1-5.0.12+650897126a.pom","466"
"C:\Users\oweng\Documents\Developed mods\afklobbymod\versions\1.21.1\.gradle\loom-cache\remapped_mods\net_fabricmc_yarn_1_21_1_1_21_1_build_1_v2\net\fabricmc\fabric-api\fabric-registry-sync-v0\5.1.2+60c3209b6a",
"C:\Users\oweng\Documents\Developed mods\afklobbymod\versions\1.21.1\.gradle\loom-cache\remapped_mods\net_fabricmc_yarn_1_21_1_1_21_1_build_1_v2\net\fabricmc\fabric-api\fabric-registry-sync-v0\5.1.2+60c3209b6a\fabric-registry-sync-v0-5.1.2+60c3209b6a-sources.jar","96538"
"C:\Users\oweng\Documents\Developed mods\afklobbymod\versions\1.21.1\.gradle\loom-cache\remapped_mods\net_fabricmc_yarn_1_21_1_1_21_1_build_1_v2\net\fabricmc\fabric-api\fabric-registry-sync-v0\5.1.2+60c3209b6a\fabric-registry-sync-v0-5.1.2+60c3209b6a.jar","125643"
"C:\Users\oweng\Documents\Developed mods\afklobbymod\versions\1.21.1\.gradle\loom-cache\remapped_mods\net_fabricmc_yarn_1_21_1_1_21_1_build_1_v2\net\fabricmc\fabric-api\fabric-registry-sync-v0\5.1.2+60c3209b6a\fabric-registry-sync-v0-5.1.2+60c3209b6a.pom","468"
"C:\Users\oweng\Documents\Developed mods\afklobbymod\versions\1.21.1\.gradle\loom-cache\remapped_mods\net_fabricmc_yarn_1_21_1_1_21_1_build_1_v2\net\fabricmc\fabric-api\fabric-renderer-api-v1\3.4.0+c705a49c6a",
"C:\Users\oweng\Documents\Developed mods\afklobbymod\versions\1.21.1\.gradle\loom-cache\remapped_mods\net_fabricmc_yarn_1_21_1_1_21_1_build_1_v2\net\fabricmc\fabric-api\fabric-renderer-api-v1\3.4.0+c705a49c6a\fabric-renderer-api-v1-3.4.0+c705a49c6a-sources.jar","58823"
"C:\Users\oweng\Documents\Developed mods\afklobbymod\versions\1.21.1\.gradle\loom-cache\remapped_mods\net_fabricmc_yarn_1_21_1_1_21_1_build_1_v2\net\fabricmc\fabric-api\fabric-renderer-api-v1\3.4.0+c705a49c6a\fabric-renderer-api-v1-3.4.0+c705a49c6a.jar","57452"
"C:\Users\oweng\Documents\Developed mods\afklobbymod\versions\1.21.1\.gradle\loom-cache\remapped_mods\net_fabricmc_yarn_1_21_1_1_21_1_build_1_v2\net\fabricmc\fabric-api\fabric-renderer-api-v1\3.4.0+c705a49c6a\fabric-renderer-api-v1-3.4.0+c705a49c6a.pom","467"
"C:\Users\oweng\Documents\Developed mods\afklobbymod\versions\1.21.1\.gradle\loom-cache\remapped_mods\net_fabricmc_yarn_1_21_1_1_21_1_build_1_v2\net\fabricmc\fabric-api\fabric-renderer-indigo\1.7.0+c705a49c6a",
"C:\Users\oweng\Documents\Developed mods\afklobbymod\versions\1.21.1\.gradle\loom-cache\remapped_mods\net_fabricmc_yarn_1_21_1_1_21_1_build_1_v2\net\fabricmc\fabric-api\fabric-renderer-indigo\1.7.0+c705a49c6a\fabric-renderer-indigo-1.7.0+c705a49c6a-sources.jar","84406"
"C:\Users\oweng\Documents\Developed mods\afklobbymod\versions\1.21.1\.gradle\loom-cache\remapped_mods\net_fabricmc_yarn_1_21_1_1_21_1_build_1_v2\net\fabricmc\fabric-api\fabric-renderer-indigo\1.7.0+c705a49c6a\fabric-renderer-indigo-1.7.0+c705a49c6a.jar","112988"
"C:\Users\oweng\Documents\Developed mods\afklobbymod\versions\1.21.1\.gradle\loom-cache\remapped_mods\net_fabricmc_yarn_1_21_1_1_21_1_build_1_v2\net\fabricmc\fabric-api\fabric-renderer-indigo\1.7.0+c705a49c6a\fabric-renderer-indigo-1.7.0+c705a49c6a.pom","467"
"C:\Users\oweng\Documents\Developed mods\afklobbymod\versions\1.21.1\.gradle\loom-cache\remapped_mods\net_fabricmc_yarn_1_21_1_1_21_1_build_1_v2\net\fabricmc\fabric-api\fabric-renderer-registries-v1\3.2.68+df3654b36a",
"C:\Users\oweng\Documents\Developed mods\afklobbymod\versions\1.21.1\.gradle\loom-cache\remapped_mods\net_fabricmc_yarn_1_21_1_1_21_1_build_1_v2\net\fabricmc\fabric-api\fabric-renderer-registries-v1\3.2.68+df3654b36a\fabric-renderer-registries-v1-3.2.68+df3654b36a-sources.jar","13879"
"C:\Users\oweng\Documents\Developed mods\afklobbymod\versions\1.21.1\.gradle\loom-cache\remapped_mods\net_fabricmc_yarn_1_21_1_1_21_1_build_1_v2\net\fabricmc\fabric-api\fabric-renderer-registries-v1\3.2.68+df3654b36a\fabric-renderer-registries-v1-3.2.68+df3654b36a.jar","16646"
"C:\Users\oweng\Documents\Developed mods\afklobbymod\versions\1.21.1\.gradle\loom-cache\remapped_mods\net_fabricmc_yarn_1_21_1_1_21_1_build_1_v2\net\fabricmc\fabric-api\fabric-renderer-registries-v1\3.2.68+df3654b36a\fabric-renderer-registries-v1-3.2.68+df3654b36a.pom","475"
"C:\Users\oweng\Documents\Developed mods\afklobbymod\versions\1.21.1\.gradle\loom-cache\remapped_mods\net_fabricmc_yarn_1_21_1_1_21_1_build_1_v2\net\fabricmc\fabric-api\fabric-rendering-data-attachment-v1\0.3.48+73761d2e6a",
"C:\Users\oweng\Documents\Developed mods\afklobbymod\versions\1.21.1\.gradle\loom-cache\remapped_mods\net_fabricmc_yarn_1_21_1_1_21_1_build_1_v2\net\fabricmc\fabric-api\fabric-rendering-data-attachment-v1\0.3.48+73761d2e6a\fabric-rendering-data-attachment-v1-0.3.48+73761d2e6a-sources.jar","16633"
"C:\Users\oweng\Documents\Developed mods\afklobbymod\versions\1.21.1\.gradle\loom-cache\remapped_mods\net_fabricmc_yarn_1_21_1_1_21_1_build_1_v2\net\fabricmc\fabric-api\fabric-rendering-data-attachment-v1\0.3.48+73761d2e6a\fabric-rendering-data-attachment-v1-0.3.48+73761d2e6a.jar","15462"
"C:\Users\oweng\Documents\Developed mods\afklobbymod\versions\1.21.1\.gradle\loom-cache\remapped_mods\net_fabricmc_yarn_1_21_1_1_21_1_build_1_v2\net\fabricmc\fabric-api\fabric-rendering-data-attachment-v1\0.3.48+73761d2e6a\fabric-rendering-data-attachment-v1-0.3.48+73761d2e6a.pom","481"
"C:\Users\oweng\Documents\Developed mods\afklobbymod\versions\1.21.1\.gradle\loom-cache\remapped_mods\net_fabricmc_yarn_1_21_1_1_21_1_build_1_v2\net\fabricmc\fabric-api\fabric-rendering-fluids-v1\3.1.6+1daea2156a",
"C:\Users\oweng\Documents\Developed mods\afklobbymod\versions\1.21.1\.gradle\loom-cache\remapped_mods\net_fabricmc_yarn_1_21_1_1_21_1_build_1_v2\net\fabricmc\fabric-api\fabric-rendering-fluids-v1\3.1.6+1daea2156a\fabric-rendering-fluids-v1-3.1.6+1daea2156a-sources.jar","25900"
"C:\Users\oweng\Documents\Developed mods\afklobbymod\versions\1.21.1\.gradle\loom-cache\remapped_mods\net_fabricmc_yarn_1_21_1_1_21_1_build_1_v2\net\fabricmc\fabric-api\fabric-rendering-fluids-v1\3.1.6+1daea2156a\fabric-rendering-fluids-v1-3.1.6+1daea2156a.jar","29714"
"C:\Users\oweng\Documents\Developed mods\afklobbymod\versions\1.21.1\.gradle\loom-cache\remapped_mods\net_fabricmc_yarn_1_21_1_1_21_1_build_1_v2\net\fabricmc\fabric-api\fabric-rendering-fluids-v1\3.1.6+1daea2156a\fabric-rendering-fluids-v1-3.1.6+1daea2156a.pom","471"
"C:\Users\oweng\Documents\Developed mods\afklobbymod\versions\1.21.1\.gradle\loom-cache\remapped_mods\net_fabricmc_yarn_1_21_1_1_21_1_build_1_v2\net\fabricmc\fabric-api\fabric-rendering-v0\1.1.71+df3654b36a",
"C:\Users\oweng\Documents\Developed mods\afklobbymod\versions\1.21.1\.gradle\loom-cache\remapped_mods\net_fabricmc_yarn_1_21_1_1_21_1_build_1_v2\net\fabricmc\fabric-api\fabric-rendering-v0\1.1.71+df3654b36a\fabric-rendering-v0-1.1.71+df3654b36a-sources.jar","13211"
"C:\Users\oweng\Documents\Developed mods\afklobbymod\versions\1.21.1\.gradle\loom-cache\remapped_mods\net_fabricmc_yarn_1_21_1_1_21_1_build_1_v2\net\fabricmc\fabric-api\fabric-rendering-v0\1.1.71+df3654b36a\fabric-rendering-v0-1.1.71+df3654b36a.jar","15024"
"C:\Users\oweng\Documents\Developed mods\afklobbymod\versions\1.21.1\.gradle\loom-cache\remapped_mods\net_fabricmc_yarn_1_21_1_1_21_1_build_1_v2\net\fabricmc\fabric-api\fabric-rendering-v0\1.1.71+df3654b36a\fabric-rendering-v0-1.1.71+df3654b36a.pom","465"
"C:\Users\oweng\Documents\Developed mods\afklobbymod\versions\1.21.1\.gradle\loom-cache\remapped_mods\net_fabricmc_yarn_1_21_1_1_21_1_build_1_v2\net\fabricmc\fabric-api\fabric-rendering-v1\5.0.5+df16efd06a",
"C:\Users\oweng\Documents\Developed mods\afklobbymod\versions\1.21.1\.gradle\loom-cache\remapped_mods\net_fabricmc_yarn_1_21_1_1_21_1_build_1_v2\net\fabricmc\fabric-api\fabric-rendering-v1\5.0.5+df16efd06a\fabric-rendering-v1-5.0.5+df16efd06a-sources.jar","77776"
"C:\Users\oweng\Documents\Developed mods\afklobbymod\versions\1.21.1\.gradle\loom-cache\remapped_mods\net_fabricmc_yarn_1_21_1_1_21_1_build_1_v2\net\fabricmc\fabric-api\fabric-rendering-v1\5.0.5+df16efd06a\fabric-rendering-v1-5.0.5+df16efd06a.jar","100929"
"C:\Users\oweng\Documents\Developed mods\afklobbymod\versions\1.21.1\.gradle\loom-cache\remapped_mods\net_fabricmc_yarn_1_21_1_1_21_1_build_1_v2\net\fabricmc\fabric-api\fabric-rendering-v1\5.0.5+df16efd06a\fabric-rendering-v1-5.0.5+df16efd06a.pom","464"
"C:\Users\oweng\Documents\Developed mods\afklobbymod\versions\1.21.1\.gradle\loom-cache\remapped_mods\net_fabricmc_yarn_1_21_1_1_21_1_build_1_v2\net\fabricmc\fabric-api\fabric-resource-conditions-api-v1\4.3.0+8dc279b16a",
"C:\Users\oweng\Documents\Developed mods\afklobbymod\versions\1.21.1\.gradle\loom-cache\remapped_mods\net_fabricmc_yarn_1_21_1_1_21_1_build_1_v2\net\fabricmc\fabric-api\fabric-resource-conditions-api-v1\4.3.0+8dc279b16a\fabric-resource-conditions-api-v1-4.3.0+8dc279b16a-sources.jar","47871"
"C:\Users\oweng\Documents\Developed mods\afklobbymod\versions\1.21.1\.gradle\loom-cache\remapped_mods\net_fabricmc_yarn_1_21_1_1_21_1_build_1_v2\net\fabricmc\fabric-api\fabric-resource-conditions-api-v1\4.3.0+8dc279b16a\fabric-resource-conditions-api-v1-4.3.0+8dc279b16a.jar","63543"
"C:\Users\oweng\Documents\Developed mods\afklobbymod\versions\1.21.1\.gradle\loom-cache\remapped_mods\net_fabricmc_yarn_1_21_1_1_21_1_build_1_v2\net\fabricmc\fabric-api\fabric-resource-conditions-api-v1\4.3.0+8dc279b16a\fabric-resource-conditions-api-v1-4.3.0+8dc279b16a.pom","478"
"C:\Users\oweng\Documents\Developed mods\afklobbymod\versions\1.21.1\.gradle\loom-cache\remapped_mods\net_fabricmc_yarn_1_21_1_1_21_1_build_1_v2\net\fabricmc\fabric-api\fabric-resource-loader-v0\1.3.0+565991296a",
"C:\Users\oweng\Documents\Developed mods\afklobbymod\versions\1.21.1\.gradle\loom-cache\remapped_mods\net_fabricmc_yarn_1_21_1_1_21_1_build_1_v2\net\fabricmc\fabric-api\fabric-resource-loader-v0\1.3.0+565991296a\fabric-resource-loader-v0-1.3.0+565991296a-sources.jar","88583"
"C:\Users\oweng\Documents\Developed mods\afklobbymod\versions\1.21.1\.gradle\loom-cache\remapped_mods\net_fabricmc_yarn_1_21_1_1_21_1_build_1_v2\net\fabricmc\fabric-api\fabric-resource-loader-v0\1.3.0+565991296a\fabric-resource-loader-v0-1.3.0+565991296a.jar","114044"
"C:\Users\oweng\Documents\Developed mods\afklobbymod\versions\1.21.1\.gradle\loom-cache\remapped_mods\net_fabricmc_yarn_1_21_1_1_21_1_build_1_v2\net\fabricmc\fabric-api\fabric-resource-loader-v0\1.3.0+565991296a\fabric-resource-loader-v0-1.3.0+565991296a.pom","470"
"C:\Users\oweng\Documents\Developed mods\afklobbymod\versions\1.21.1\.gradle\loom-cache\remapped_mods\net_fabricmc_yarn_1_21_1_1_21_1_build_1_v2\net\fabricmc\fabric-api\fabric-screen-api-v1\2.0.24+b55973446a",
"C:\Users\oweng\Documents\Developed mods\afklobbymod\versions\1.21.1\.gradle\loom-cache\remapped_mods\net_fabricmc_yarn_1_21_1_1_21_1_build_1_v2\net\fabricmc\fabric-api\fabric-screen-api-v1\2.0.24+b55973446a\fabric-screen-api-v1-2.0.24+b55973446a-sources.jar","32772"
"C:\Users\oweng\Documents\Developed mods\afklobbymod\versions\1.21.1\.gradle\loom-cache\remapped_mods\net_fabricmc_yarn_1_21_1_1_21_1_build_1_v2\net\fabricmc\fabric-api\fabric-screen-api-v1\2.0.24+b55973446a\fabric-screen-api-v1-2.0.24+b55973446a.jar","53443"
"C:\Users\oweng\Documents\Developed mods\afklobbymod\versions\1.21.1\.gradle\loom-cache\remapped_mods\net_fabricmc_yarn_1_21_1_1_21_1_build_1_v2\net\fabricmc\fabric-api\fabric-screen-api-v1\2.0.24+b55973446a\fabric-screen-api-v1-2.0.24+b55973446a.pom","466"
"C:\Users\oweng\Documents\Developed mods\afklobbymod\versions\1.21.1\.gradle\loom-cache\remapped_mods\net_fabricmc_yarn_1_21_1_1_21_1_build_1_v2\net\fabricmc\fabric-api\fabric-screen-handler-api-v1\1.3.86+b55973446a",
"C:\Users\oweng\Documents\Developed mods\afklobbymod\versions\1.21.1\.gradle\loom-cache\remapped_mods\net_fabricmc_yarn_1_21_1_1_21_1_build_1_v2\net\fabricmc\fabric-api\fabric-screen-handler-api-v1\1.3.86+b55973446a\fabric-screen-handler-api-v1-1.3.86+b55973446a-sources.jar","24590"
"C:\Users\oweng\Documents\Developed mods\afklobbymod\versions\1.21.1\.gradle\loom-cache\remapped_mods\net_fabricmc_yarn_1_21_1_1_21_1_build_1_v2\net\fabricmc\fabric-api\fabric-screen-handler-api-v1\1.3.86+b55973446a\fabric-screen-handler-api-v1-1.3.86+b55973446a.jar","26886"
"C:\Users\oweng\Documents\Developed mods\afklobbymod\versions\1.21.1\.gradle\loom-cache\remapped_mods\net_fabricmc_yarn_1_21_1_1_21_1_build_1_v2\net\fabricmc\fabric-api\fabric-screen-handler-api-v1\1.3.86+b55973446a\fabric-screen-handler-api-v1-1.3.86+b55973446a.pom","474"
"C:\Users\oweng\Documents\Developed mods\afklobbymod\versions\1.21.1\.gradle\loom-cache\remapped_mods\net_fabricmc_yarn_1_21_1_1_21_1_build_1_v2\net\fabricmc\fabric-api\fabric-sound-api-v1\1.0.23+6573ed8c6a",
"C:\Users\oweng\Documents\Developed mods\afklobbymod\versions\1.21.1\.gradle\loom-cache\remapped_mods\net_fabricmc_yarn_1_21_1_1_21_1_build_1_v2\net\fabricmc\fabric-api\fabric-sound-api-v1\1.0.23+6573ed8c6a\fabric-sound-api-v1-1.0.23+6573ed8c6a-sources.jar","17162"
"C:\Users\oweng\Documents\Developed mods\afklobbymod\versions\1.21.1\.gradle\loom-cache\remapped_mods\net_fabricmc_yarn_1_21_1_1_21_1_build_1_v2\net\fabricmc\fabric-api\fabric-sound-api-v1\1.0.23+6573ed8c6a\fabric-sound-api-v1-1.0.23+6573ed8c6a.jar","16367"
"C:\Users\oweng\Documents\Developed mods\afklobbymod\versions\1.21.1\.gradle\loom-cache\remapped_mods\net_fabricmc_yarn_1_21_1_1_21_1_build_1_v2\net\fabricmc\fabric-api\fabric-sound-api-v1\1.0.23+6573ed8c6a\fabric-sound-api-v1-1.0.23+6573ed8c6a.pom","465"
"C:\Users\oweng\Documents\Developed mods\afklobbymod\versions\1.21.1\.gradle\loom-cache\remapped_mods\net_fabricmc_yarn_1_21_1_1_21_1_build_1_v2\net\fabricmc\fabric-api\fabric-transfer-api-v1\5.1.16+3dccd3436a",
"C:\Users\oweng\Documents\Developed mods\afklobbymod\versions\1.21.1\.gradle\loom-cache\remapped_mods\net_fabricmc_yarn_1_21_1_1_21_1_build_1_v2\net\fabricmc\fabric-api\fabric-transfer-api-v1\5.1.16+3dccd3436a\fabric-transfer-api-v1-5.1.16+3dccd3436a-sources.jar","148156"
"C:\Users\oweng\Documents\Developed mods\afklobbymod\versions\1.21.1\.gradle\loom-cache\remapped_mods\net_fabricmc_yarn_1_21_1_1_21_1_build_1_v2\net\fabricmc\fabric-api\fabric-transfer-api-v1\5.1.16+3dccd3436a\fabric-transfer-api-v1-5.1.16+3dccd3436a.jar","182008"
"C:\Users\oweng\Documents\Developed mods\afklobbymod\versions\1.21.1\.gradle\loom-cache\remapped_mods\net_fabricmc_yarn_1_21_1_1_21_1_build_1_v2\net\fabricmc\fabric-api\fabric-transfer-api-v1\5.1.16+3dccd3436a\fabric-transfer-api-v1-5.1.16+3dccd3436a.pom","468"
"C:\Users\oweng\Documents\Developed mods\afklobbymod\versions\1.21.1\.gradle\loom-cache\remapped_mods\net_fabricmc_yarn_1_21_1_1_21_1_build_1_v2\net\fabricmc\fabric-api\fabric-transitive-access-wideners-v1\6.1.0+1daea2156a",
"C:\Users\oweng\Documents\Developed mods\afklobbymod\versions\1.21.1\.gradle\loom-cache\remapped_mods\net_fabricmc_yarn_1_21_1_1_21_1_build_1_v2\net\fabricmc\fabric-api\fabric-transitive-access-wideners-v1\6.1.0+1daea2156a\fabric-transitive-access-wideners-v1-6.1.0+1daea2156a-sources.jar","11229"
"C:\Users\oweng\Documents\Developed mods\afklobbymod\versions\1.21.1\.gradle\loom-cache\remapped_mods\net_fabricmc_yarn_1_21_1_1_21_1_build_1_v2\net\fabricmc\fabric-api\fabric-transitive-access-wideners-v1\6.1.0+1daea2156a\fabric-transitive-access-wideners-v1-6.1.0+1daea2156a.jar","10743"
"C:\Users\oweng\Documents\Developed mods\afklobbymod\versions\1.21.1\.gradle\loom-cache\remapped_mods\net_fabricmc_yarn_1_21_1_1_21_1_build_1_v2\net\fabricmc\fabric-api\fabric-transitive-access-wideners-v1\6.1.0+1daea2156a\fabric-transitive-access-wideners-v1-6.1.0+1daea2156a.pom","481"
"C:\Users\oweng\Documents\Developed mods\afklobbymod\versions\1.21.1\.gradle\vcs-1\gc.properties","0"
"C:\Users\oweng\Documents\Developed mods\afklobbymod\versions\1.21.1\build\classes",
"C:\Users\oweng\Documents\Developed mods\afklobbymod\versions\1.21.1\build\devlibs",
"C:\Users\oweng\Documents\Developed mods\afklobbymod\versions\1.21.1\build\generated",
"C:\Users\oweng\Documents\Developed mods\afklobbymod\versions\1.21.1\build\libs",
"C:\Users\oweng\Documents\Developed mods\afklobbymod\versions\1.21.1\build\loom-cache",
"C:\Users\oweng\Documents\Developed mods\afklobbymod\versions\1.21.1\build\processIncludeJars",
"C:\Users\oweng\Documents\Developed mods\afklobbymod\versions\1.21.1\build\reports",
"C:\Users\oweng\Documents\Developed mods\afklobbymod\versions\1.21.1\build\resources",
"C:\Users\oweng\Documents\Developed mods\afklobbymod\versions\1.21.1\build\test-results",
"C:\Users\oweng\Documents\Developed mods\afklobbymod\versions\1.21.1\build\tmp",
"C:\Users\oweng\Documents\Developed mods\afklobbymod\versions\1.21.1\build\classes\java",
"C:\Users\oweng\Documents\Developed mods\afklobbymod\versions\1.21.1\build\classes\java\main",
"C:\Users\oweng\Documents\Developed mods\afklobbymod\versions\1.21.1\build\classes\java\test",
"C:\Users\oweng\Documents\Developed mods\afklobbymod\versions\1.21.1\build\classes\java\main\com",
"C:\Users\oweng\Documents\Developed mods\afklobbymod\versions\1.21.1\build\classes\java\main\com\example",
"C:\Users\oweng\Documents\Developed mods\afklobbymod\versions\1.21.1\build\classes\java\main\com\example\afklobbymod",
"C:\Users\oweng\Documents\Developed mods\afklobbymod\versions\1.21.1\build\classes\java\main\com\example\afklobbymod\client",
"C:\Users\oweng\Documents\Developed mods\afklobbymod\versions\1.21.1\build\classes\java\main\com\example\afklobbymod\config",
"C:\Users\oweng\Documents\Developed mods\afklobbymod\versions\1.21.1\build\classes\java\main\com\example\afklobbymod\integration",
"C:\Users\oweng\Documents\Developed mods\afklobbymod\versions\1.21.1\build\classes\java\main\com\example\afklobbymod\structure",
"C:\Users\oweng\Documents\Developed mods\afklobbymod\versions\1.21.1\build\classes\java\main\com\example\afklobbymod\AfkCommands.class","14848"
"C:\Users\oweng\Documents\Developed mods\afklobbymod\versions\1.21.1\build\classes\java\main\com\example\afklobbymod\AfkLobbyMod.class","329"
"C:\Users\oweng\Documents\Developed mods\afklobbymod\versions\1.21.1\build\classes\java\main\com\example\afklobbymod\AfkLobbyModBase.class","8174"
"C:\Users\oweng\Documents\Developed mods\afklobbymod\versions\1.21.1\build\classes\java\main\com\example\afklobbymod\AfkTracker.class","7977"
"C:\Users\oweng\Documents\Developed mods\afklobbymod\versions\1.21.1\build\classes\java\main\com\example\afklobbymod\CeremonyScheduler.class","16420"
"C:\Users\oweng\Documents\Developed mods\afklobbymod\versions\1.21.1\build\classes\java\main\com\example\afklobbymod\LeaderboardStorage$1.class","785"
"C:\Users\oweng\Documents\Developed mods\afklobbymod\versions\1.21.1\build\classes\java\main\com\example\afklobbymod\LeaderboardStorage$2.class","787"
"C:\Users\oweng\Documents\Developed mods\afklobbymod\versions\1.21.1\build\classes\java\main\com\example\afklobbymod\LeaderboardStorage$LeaderboardEntry.class","685"
"C:\Users\oweng\Documents\Developed mods\afklobbymod\versions\1.21.1\build\classes\java\main\com\example\afklobbymod\LeaderboardStorage.class","7587"
"C:\Users\oweng\Documents\Developed mods\afklobbymod\versions\1.21.1\build\classes\java\main\com\example\afklobbymod\LobbyManager.class","6936"
"C:\Users\oweng\Documents\Developed mods\afklobbymod\versions\1.21.1\build\classes\java\main\com\example\afklobbymod\ModConfig.class","4568"
"C:\Users\oweng\Documents\Developed mods\afklobbymod\versions\1.21.1\build\classes\java\main\com\example\afklobbymod\Networking$HudSyncPayload.class","4097"
"C:\Users\oweng\Documents\Developed mods\afklobbymod\versions\1.21.1\build\classes\java\main\com\example\afklobbymod\Networking$ToggleHudPayload.class","3826"
"C:\Users\oweng\Documents\Developed mods\afklobbymod\versions\1.21.1\build\classes\java\main\com\example\afklobbymod\Networking.class","7929"
"C:\Users\oweng\Documents\Developed mods\afklobbymod\versions\1.21.1\build\classes\java\main\com\example\afklobbymod\PlayerActivityEvents.class","7202"
"C:\Users\oweng\Documents\Developed mods\afklobbymod\versions\1.21.1\build\classes\java\main\com\example\afklobbymod\PlayerAfkState.class","1694"
"C:\Users\oweng\Documents\Developed mods\afklobbymod\versions\1.21.1\build\classes\java\main\com\example\afklobbymod\client\AfkLobbyClient.class","6553"
"C:\Users\oweng\Documents\Developed mods\afklobbymod\versions\1.21.1\build\classes\java\main\com\example\afklobbymod\client\HudRenderer.class","3747"
"C:\Users\oweng\Documents\Developed mods\afklobbymod\versions\1.21.1\build\classes\java\main\com\example\afklobbymod\client\HudRenderInit.class","815"
"C:\Users\oweng\Documents\Developed mods\afklobbymod\versions\1.21.1\build\classes\java\main\com\example\afklobbymod\config\AutoModConfig.class","1943"
"C:\Users\oweng\Documents\Developed mods\afklobbymod\versions\1.21.1\build\classes\java\main\com\example\afklobbymod\config\ModMenuIntegration.class","1782"
"C:\Users\oweng\Documents\Developed mods\afklobbymod\versions\1.21.1\build\classes\java\main\com\example\afklobbymod\integration\LuckPermsIntegration.class","5313"
"C:\Users\oweng\Documents\Developed mods\afklobbymod\versions\1.21.1\build\classes\java\main\com\example\afklobbymod\structure\NbtStructureSpawner.class","9141"
"C:\Users\oweng\Documents\Developed mods\afklobbymod\versions\1.21.1\build\classes\java\test\com",
"C:\Users\oweng\Documents\Developed mods\afklobbymod\versions\1.21.1\build\classes\java\test\com\example",
"C:\Users\oweng\Documents\Developed mods\afklobbymod\versions\1.21.1\build\classes\java\test\com\example\afklobbymod",
"C:\Users\oweng\Documents\Developed mods\afklobbymod\versions\1.21.1\build\classes\java\test\com\example\afklobbymod\AfkTrackerTest.class","1355"
"C:\Users\oweng\Documents\Developed mods\afklobbymod\versions\1.21.1\build\classes\java\test\com\example\afklobbymod\CeremonySchedulerTest.class","1444"
"C:\Users\oweng\Documents\Developed mods\afklobbymod\versions\1.21.1\build\classes\java\test\com\example\afklobbymod\LeaderboardStorageTest.class","2265"
"C:\Users\oweng\Documents\Developed mods\afklobbymod\versions\1.21.1\build\devlibs\afklobbymod-2.0.0+1.21.1-dev.jar","93339"
"C:\Users\oweng\Documents\Developed mods\afklobbymod\versions\1.21.1\build\devlibs\afklobbymod-2.0.0+1.21.1-sources.jar","59852"
"C:\Users\oweng\Documents\Developed mods\afklobbymod\versions\1.21.1\build\generated\sources",
"C:\Users\oweng\Documents\Developed mods\afklobbymod\versions\1.21.1\build\generated\sources\annotationProcessor",
"C:\Users\oweng\Documents\Developed mods\afklobbymod\versions\1.21.1\build\generated\sources\headers",
"C:\Users\oweng\Documents\Developed mods\afklobbymod\versions\1.21.1\build\generated\sources\annotationProcessor\java",
"C:\Users\oweng\Documents\Developed mods\afklobbymod\versions\1.21.1\build\generated\sources\annotationProcessor\java\main",
"C:\Users\oweng\Documents\Developed mods\afklobbymod\versions\1.21.1\build\generated\sources\annotationProcessor\java\test",
"C:\Users\oweng\Documents\Developed mods\afklobbymod\versions\1.21.1\build\generated\sources\headers\java",
"C:\Users\oweng\Documents\Developed mods\afklobbymod\versions\1.21.1\build\generated\sources\headers\java\main",
"C:\Users\oweng\Documents\Developed mods\afklobbymod\versions\1.21.1\build\generated\sources\headers\java\test",
"C:\Users\oweng\Documents\Developed mods\afklobbymod\versions\1.21.1\build\libs\afklobbymod-2.0.0+1.21.1-sources.jar","62937"
"C:\Users\oweng\Documents\Developed mods\afklobbymod\versions\1.21.1\build\libs\afklobbymod-2.0.0+1.21.1.jar","94188"
"C:\Users\oweng\Documents\Developed mods\afklobbymod\versions\1.21.1\build\reports\tests",
"C:\Users\oweng\Documents\Developed mods\afklobbymod\versions\1.21.1\build\reports\tests\test",
"C:\Users\oweng\Documents\Developed mods\afklobbymod\versions\1.21.1\build\reports\tests\test\classes",
"C:\Users\oweng\Documents\Developed mods\afklobbymod\versions\1.21.1\build\reports\tests\test\css",
"C:\Users\oweng\Documents\Developed mods\afklobbymod\versions\1.21.1\build\reports\tests\test\js",
"C:\Users\oweng\Documents\Developed mods\afklobbymod\versions\1.21.1\build\reports\tests\test\packages",
"C:\Users\oweng\Documents\Developed mods\afklobbymod\versions\1.21.1\build\reports\tests\test\index.html","3025"
"C:\Users\oweng\Documents\Developed mods\afklobbymod\versions\1.21.1\build\reports\tests\test\classes\com.example.afklobbymod.AfkTrackerTest.html","2176"
"C:\Users\oweng\Documents\Developed mods\afklobbymod\versions\1.21.1\build\reports\tests\test\classes\com.example.afklobbymod.CeremonySchedulerTest.html","2198"
"C:\Users\oweng\Documents\Developed mods\afklobbymod\versions\1.21.1\build\reports\tests\test\classes\com.example.afklobbymod.LeaderboardStorageTest.html","2294"
"C:\Users\oweng\Documents\Developed mods\afklobbymod\versions\1.21.1\build\reports\tests\test\css\base-style.css","2645"
"C:\Users\oweng\Documents\Developed mods\afklobbymod\versions\1.21.1\build\reports\tests\test\css\style.css","1135"
"C:\Users\oweng\Documents\Developed mods\afklobbymod\versions\1.21.1\build\reports\tests\test\js\report.js","5252"
"C:\Users\oweng\Documents\Developed mods\afklobbymod\versions\1.21.1\build\reports\tests\test\packages\com.example.afklobbymod.html","2600"
"C:\Users\oweng\Documents\Developed mods\afklobbymod\versions\1.21.1\build\resources\main",
"C:\Users\oweng\Documents\Developed mods\afklobbymod\versions\1.21.1\build\resources\main\assets",
"C:\Users\oweng\Documents\Developed mods\afklobbymod\versions\1.21.1\build\resources\main\data",
"C:\Users\oweng\Documents\Developed mods\afklobbymod\versions\1.21.1\build\resources\main\fabric.mod.json","1012"
"C:\Users\oweng\Documents\Developed mods\afklobbymod\versions\1.21.1\build\resources\main\assets\afklobbymod",
"C:\Users\oweng\Documents\Developed mods\afklobbymod\versions\1.21.1\build\resources\main\assets\afklobbymod\lang",
"C:\Users\oweng\Documents\Developed mods\afklobbymod\versions\1.21.1\build\resources\main\assets\afklobbymod\icon.png","0"
"C:\Users\oweng\Documents\Developed mods\afklobbymod\versions\1.21.1\build\resources\main\assets\afklobbymod\lang\en_us.json","104"
"C:\Users\oweng\Documents\Developed mods\afklobbymod\versions\1.21.1\build\resources\main\data\afklobbymod",
"C:\Users\oweng\Documents\Developed mods\afklobbymod\versions\1.21.1\build\resources\main\data\afklobbymod\structures",
"C:\Users\oweng\Documents\Developed mods\afklobbymod\versions\1.21.1\build\resources\main\data\afklobbymod\structures\lobby.nbt","119348"
"C:\Users\oweng\Documents\Developed mods\afklobbymod\versions\1.21.1\build\resources\main\data\afklobbymod\structures\stage.nbt","123248"
"C:\Users\oweng\Documents\Developed mods\afklobbymod\versions\1.21.1\build\test-results\test",
"C:\Users\oweng\Documents\Developed mods\afklobbymod\versions\1.21.1\build\test-results\test\binary",
"C:\Users\oweng\Documents\Developed mods\afklobbymod\versions\1.21.1\build\test-results\test\TEST-com.example.afklobbymod.AfkTrackerTest.xml","543"
"C:\Users\oweng\Documents\Developed mods\afklobbymod\versions\1.21.1\build\test-results\test\TEST-com.example.afklobbymod.CeremonySchedulerTest.xml","565"
"C:\Users\oweng\Documents\Developed mods\afklobbymod\versions\1.21.1\build\test-results\test\TEST-com.example.afklobbymod.LeaderboardStorageTest.xml","650"
"C:\Users\oweng\Documents\Developed mods\afklobbymod\versions\1.21.1\build\test-results\test\binary\output.bin","0"
"C:\Users\oweng\Documents\Developed mods\afklobbymod\versions\1.21.1\build\test-results\test\binary\output.bin.idx","1"
"C:\Users\oweng\Documents\Developed mods\afklobbymod\versions\1.21.1\build\test-results\test\binary\results.bin","589"
"C:\Users\oweng\Documents\Developed mods\afklobbymod\versions\1.21.1\build\tmp\compileJava",
"C:\Users\oweng\Documents\Developed mods\afklobbymod\versions\1.21.1\build\tmp\compileTestJava",
"C:\Users\oweng\Documents\Developed mods\afklobbymod\versions\1.21.1\build\tmp\jar",
"C:\Users\oweng\Documents\Developed mods\afklobbymod\versions\1.21.1\build\tmp\remapJar",
"C:\Users\oweng\Documents\Developed mods\afklobbymod\versions\1.21.1\build\tmp\remapSourcesJar",
"C:\Users\oweng\Documents\Developed mods\afklobbymod\versions\1.21.1\build\tmp\sourcesJar",
"C:\Users\oweng\Documents\Developed mods\afklobbymod\versions\1.21.1\build\tmp\test",
"C:\Users\oweng\Documents\Developed mods\afklobbymod\versions\1.21.1\build\tmp\compileJava\previous-compilation-data.bin","208803"
"C:\Users\oweng\Documents\Developed mods\afklobbymod\versions\1.21.1\build\tmp\compileTestJava\previous-compilation-data.bin","189223"
"C:\Users\oweng\Documents\Developed mods\afklobbymod\versions\1.21.1\build\tmp\jar\MANIFEST.MF","25"
"C:\Users\oweng\Documents\Developed mods\afklobbymod\versions\1.21.1\build\tmp\remapJar\MANIFEST.MF","25"
"C:\Users\oweng\Documents\Developed mods\afklobbymod\versions\1.21.1\build\tmp\remapSourcesJar\MANIFEST.MF","25"
"C:\Users\oweng\Documents\Developed mods\afklobbymod\versions\1.21.1\build\tmp\sourcesJar\MANIFEST.MF","25"
"C:\Users\oweng\Documents\Developed mods\afklobbymod\versions\1.21.1\gradle\wrapper",
"C:\Users\oweng\Documents\Developed mods\afklobbymod\versions\1.21.1\gradle\wrapper\gradle-wrapper.jar","43764"
"C:\Users\oweng\Documents\Developed mods\afklobbymod\versions\1.21.1\gradle\wrapper\gradle-wrapper.properties","251"
"C:\Users\oweng\Documents\Developed mods\afklobbymod\versions\1.21.1\src\main",
"C:\Users\oweng\Documents\Developed mods\afklobbymod\versions\1.21.1\src\test",
"C:\Users\oweng\Documents\Developed mods\afklobbymod\versions\1.21.1\src\main\java",
"C:\Users\oweng\Documents\Developed mods\afklobbymod\versions\1.21.1\src\main\resources",
"C:\Users\oweng\Documents\Developed mods\afklobbymod\versions\1.21.1\src\main\java\com",
"C:\Users\oweng\Documents\Developed mods\afklobbymod\versions\1.21.1\src\main\java\com\example",
"C:\Users\oweng\Documents\Developed mods\afklobbymod\versions\1.21.1\src\main\java\com\example\afklobbymod",
"C:\Users\oweng\Documents\Developed mods\afklobbymod\versions\1.21.1\src\main\java\com\example\afklobbymod\client",
"C:\Users\oweng\Documents\Developed mods\afklobbymod\versions\1.21.1\src\main\java\com\example\afklobbymod\config",
"C:\Users\oweng\Documents\Developed mods\afklobbymod\versions\1.21.1\src\main\java\com\example\afklobbymod\integration",
"C:\Users\oweng\Documents\Developed mods\afklobbymod\versions\1.21.1\src\main\java\com\example\afklobbymod\structure",
"C:\Users\oweng\Documents\Developed mods\afklobbymod\versions\1.21.1\src\main\java\com\example\afklobbymod\AfkCommands.java","8788"
"C:\Users\oweng\Documents\Developed mods\afklobbymod\versions\1.21.1\src\main\java\com\example\afklobbymod\AfkLobbyMod.java","191"
"C:\Users\oweng\Documents\Developed mods\afklobbymod\versions\1.21.1\src\main\java\com\example\afklobbymod\AfkLobbyModBase.java","3176"
"C:\Users\oweng\Documents\Developed mods\afklobbymod\versions\1.21.1\src\main\java\com\example\afklobbymod\AfkTracker.java","5353"
"C:\Users\oweng\Documents\Developed mods\afklobbymod\versions\1.21.1\src\main\java\com\example\afklobbymod\CeremonyScheduler.java","12018"
"C:\Users\oweng\Documents\Developed mods\afklobbymod\versions\1.21.1\src\main\java\com\example\afklobbymod\LeaderboardStorage.java","3724"
"C:\Users\oweng\Documents\Developed mods\afklobbymod\versions\1.21.1\src\main\java\com\example\afklobbymod\LobbyManager.java","5291"
"C:\Users\oweng\Documents\Developed mods\afklobbymod\versions\1.21.1\src\main\java\com\example\afklobbymod\ModConfig.java","4703"
"C:\Users\oweng\Documents\Developed mods\afklobbymod\versions\1.21.1\src\main\java\com\example\afklobbymod\Networking.java","4218"
"C:\Users\oweng\Documents\Developed mods\afklobbymod\versions\1.21.1\src\main\java\com\example\afklobbymod\PlayerActivityEvents.java","1590"
"C:\Users\oweng\Documents\Developed mods\afklobbymod\versions\1.21.1\src\main\java\com\example\afklobbymod\PlayerAfkState.java","1601"
"C:\Users\oweng\Documents\Developed mods\afklobbymod\versions\1.21.1\src\main\java\com\example\afklobbymod\client\AfkLobbyClient.java","1929"
"C:\Users\oweng\Documents\Developed mods\afklobbymod\versions\1.21.1\src\main\java\com\example\afklobbymod\client\HudRenderer.java","1493"
"C:\Users\oweng\Documents\Developed mods\afklobbymod\versions\1.21.1\src\main\java\com\example\afklobbymod\client\HudRenderInit.java","418"
"C:\Users\oweng\Documents\Developed mods\afklobbymod\versions\1.21.1\src\main\java\com\example\afklobbymod\config\AutoModConfig.java","1497"
"C:\Users\oweng\Documents\Developed mods\afklobbymod\versions\1.21.1\src\main\java\com\example\afklobbymod\config\ModMenuIntegration.java","523"
"C:\Users\oweng\Documents\Developed mods\afklobbymod\versions\1.21.1\src\main\java\com\example\afklobbymod\integration\LuckPermsIntegration.java","2211"
"C:\Users\oweng\Documents\Developed mods\afklobbymod\versions\1.21.1\src\main\java\com\example\afklobbymod\structure\NbtStructureSpawner.java","7357"
"C:\Users\oweng\Documents\Developed mods\afklobbymod\versions\1.21.1\src\main\resources\assets",
"C:\Users\oweng\Documents\Developed mods\afklobbymod\versions\1.21.1\src\main\resources\data",
"C:\Users\oweng\Documents\Developed mods\afklobbymod\versions\1.21.1\src\main\resources\fabric.mod.json","1079"
"C:\Users\oweng\Documents\Developed mods\afklobbymod\versions\1.21.1\src\main\resources\assets\afklobbymod",
"C:\Users\oweng\Documents\Developed mods\afklobbymod\versions\1.21.1\src\main\resources\assets\afklobbymod\lang",
"C:\Users\oweng\Documents\Developed mods\afklobbymod\versions\1.21.1\src\main\resources\assets\afklobbymod\icon.png","0"
"C:\Users\oweng\Documents\Developed mods\afklobbymod\versions\1.21.1\src\main\resources\assets\afklobbymod\lang\en_us.json","104"
"C:\Users\oweng\Documents\Developed mods\afklobbymod\versions\1.21.1\src\main\resources\data\afklobbymod",
"C:\Users\oweng\Documents\Developed mods\afklobbymod\versions\1.21.1\src\main\resources\data\afklobbymod\structures",
"C:\Users\oweng\Documents\Developed mods\afklobbymod\versions\1.21.1\src\main\resources\data\afklobbymod\structures\lobby.nbt","119348"
"C:\Users\oweng\Documents\Developed mods\afklobbymod\versions\1.21.1\src\main\resources\data\afklobbymod\structures\stage.nbt","123248"
"C:\Users\oweng\Documents\Developed mods\afklobbymod\versions\1.21.1\src\test\java",
"C:\Users\oweng\Documents\Developed mods\afklobbymod\versions\1.21.1\src\test\java\com",
"C:\Users\oweng\Documents\Developed mods\afklobbymod\versions\1.21.1\src\test\java\com\example",
"C:\Users\oweng\Documents\Developed mods\afklobbymod\versions\1.21.1\src\test\java\com\example\afklobbymod",
"C:\Users\oweng\Documents\Developed mods\afklobbymod\versions\1.21.1\src\test\java\com\example\afklobbymod\AfkTrackerTest.java","781"
"C:\Users\oweng\Documents\Developed mods\afklobbymod\versions\1.21.1\src\test\java\com\example\afklobbymod\CeremonySchedulerTest.java","620"
"C:\Users\oweng\Documents\Developed mods\afklobbymod\versions\1.21.1\src\test\java\com\example\afklobbymod\LeaderboardStorageTest.java","1250"
